-- Database export via SQLPro (https://www.sqlprostudio.com/allapps.html)
-- Exported by jeffrey at 16-01-2022 21:32.
-- WARNING: This file may contain descructive statements such as DROPs.
-- Please ensure that you are running the script at the proper location.


-- BEGIN TABLE failed_jobs
DROP TABLE IF EXISTS failed_jobs;
CREATE TABLE `failed_jobs` (
  `id` bigint unsigned NOT NULL AUTO_INCREMENT,
  `uuid` varchar(255) COLLATE utf8mb4_unicode_ci NOT NULL,
  `connection` text COLLATE utf8mb4_unicode_ci NOT NULL,
  `queue` text COLLATE utf8mb4_unicode_ci NOT NULL,
  `payload` longtext COLLATE utf8mb4_unicode_ci NOT NULL,
  `exception` longtext COLLATE utf8mb4_unicode_ci NOT NULL,
  `failed_at` timestamp NOT NULL DEFAULT CURRENT_TIMESTAMP,
  PRIMARY KEY (`id`),
  UNIQUE KEY `failed_jobs_uuid_unique` (`uuid`)
) ENGINE=InnoDB DEFAULT CHARSET=utf8mb4 COLLATE=utf8mb4_unicode_ci;

-- Table failed_jobs contains no data. No inserts have been genrated.
-- Inserting 0 rows into failed_jobs


-- END TABLE failed_jobs

-- BEGIN TABLE migrations
DROP TABLE IF EXISTS migrations;
CREATE TABLE `migrations` (
  `id` int unsigned NOT NULL AUTO_INCREMENT,
  `migration` varchar(255) COLLATE utf8mb4_unicode_ci NOT NULL,
  `batch` int NOT NULL,
  PRIMARY KEY (`id`)
) ENGINE=InnoDB AUTO_INCREMENT=8 DEFAULT CHARSET=utf8mb4 COLLATE=utf8mb4_unicode_ci;

-- Inserting 7 rows into migrations
-- Insert batch #1
INSERT INTO migrations (id, migration, batch) VALUES
(1, '2014_10_12_000000_create_users_table', 1),
(2, '2014_10_12_100000_create_password_resets_table', 1),
(3, '2019_08_19_000000_create_failed_jobs_table', 1),
(4, '2019_12_14_000001_create_personal_access_tokens_table', 1),
(5, '2022_01_16_082415_create_properties_table', 1),
(6, '2022_01_16_082452_create_rooms_table', 1),
(7, '2022_01_16_082531_create_orders_table', 1);

-- END TABLE migrations

-- BEGIN TABLE orders
DROP TABLE IF EXISTS orders;
CREATE TABLE `orders` (
  `id` bigint unsigned NOT NULL AUTO_INCREMENT,
  `user_id` bigint unsigned NOT NULL,
  `property_id` bigint unsigned NOT NULL,
  `room_id` bigint unsigned NOT NULL,
  `price` decimal(8,2) NOT NULL,
  `created_at` timestamp NULL DEFAULT NULL,
  `updated_at` timestamp NULL DEFAULT NULL,
  PRIMARY KEY (`id`)
) ENGINE=InnoDB AUTO_INCREMENT=101 DEFAULT CHARSET=utf8mb4 COLLATE=utf8mb4_unicode_ci;

-- Inserting 100 rows into orders
-- Insert batch #1
INSERT INTO orders (id, user_id, property_id, room_id, price, created_at, updated_at) VALUES
(1, 10, 57, 285, 999, '2021-02-16 00:00:00', '2022-01-16 10:58:55'),
(2, 9, 3, 13, 999, '2021-02-16 00:00:00', '2022-01-16 10:58:55'),
(3, 7, 16, 76, 999, '2021-02-16 00:00:00', '2022-01-16 10:58:55'),
(4, 7, 6, 29, 999, '2021-02-16 00:00:00', '2022-01-16 10:58:55'),
(5, 1, 37, 185, 999, '2021-02-16 00:00:00', '2022-01-16 10:58:55'),
(6, 7, 89, 445, 999, '2021-02-16 00:00:00', '2022-01-16 10:58:55'),
(7, 8, 48, 236, 999, '2021-02-16 00:00:00', '2022-01-16 10:58:55'),
(8, 6, 8, 36, 999, '2021-02-16 00:00:00', '2022-01-16 10:58:55'),
(9, 10, 44, 218, 999, '2021-02-16 00:00:00', '2022-01-16 10:58:55'),
(10, 9, 33, 164, 999, '2021-02-16 00:00:00', '2022-01-16 10:58:55'),
(11, 10, 77, 381, 999, '2021-02-16 00:00:00', '2022-01-16 10:58:55'),
(12, 2, 89, 445, 999, '2021-02-16 00:00:00', '2022-01-16 10:58:55'),
(13, 7, 19, 92, 999, '2021-02-16 00:00:00', '2022-01-16 10:58:55'),
(14, 6, 45, 224, 999, '2021-02-16 00:00:00', '2022-01-16 10:58:55'),
(15, 4, 53, 265, 999, '2021-02-16 00:00:00', '2022-01-16 10:58:55'),
(16, 6, 58, 290, 999, '2021-02-16 00:00:00', '2022-01-16 10:58:55'),
(17, 1, 59, 293, 999, '2021-02-16 00:00:00', '2022-01-16 10:58:55'),
(18, 8, 24, 118, 999, '2021-02-16 00:00:00', '2022-01-16 10:58:55'),
(19, 4, 67, 332, 999, '2021-02-16 00:00:00', '2022-01-16 10:58:55'),
(20, 3, 55, 273, 999, '2021-02-16 00:00:00', '2022-01-16 10:58:55'),
(21, 4, 100, 498, 999, '2021-02-16 00:00:00', '2022-01-16 10:58:55'),
(22, 3, 52, 260, 999, '2021-02-16 00:00:00', '2022-01-16 10:58:55'),
(23, 5, 1, 2, 999, '2021-02-16 00:00:00', '2022-01-16 10:58:55'),
(24, 10, 20, 98, 999, '2021-02-16 00:00:00', '2022-01-16 10:58:55'),
(25, 1, 33, 163, 999, '2021-02-16 00:00:00', '2022-01-16 10:58:55'),
(26, 7, 70, 348, 999, '2021-02-16 00:00:00', '2022-01-16 10:58:55'),
(27, 9, 30, 150, 999, '2021-02-16 00:00:00', '2022-01-16 10:58:55'),
(28, 1, 50, 250, 999, '2021-02-16 00:00:00', '2022-01-16 10:58:55'),
(29, 3, 11, 53, 999, '2021-02-16 00:00:00', '2022-01-16 10:58:55'),
(30, 5, 31, 152, 999, '2021-02-16 00:00:00', '2022-01-16 10:58:55'),
(31, 5, 19, 95, 999, '2021-02-16 00:00:00', '2022-01-16 10:58:55'),
(32, 10, 2, 8, 999, '2021-02-16 00:00:00', '2022-01-16 10:58:55'),
(33, 2, 63, 311, 999, '2021-02-16 00:00:00', '2022-01-16 10:58:55'),
(34, 2, 12, 57, 999, '2021-02-16 00:00:00', '2022-01-16 10:58:55'),
(35, 10, 70, 349, 999, '2021-02-16 00:00:00', '2022-01-16 10:58:55'),
(36, 6, 65, 325, 999, '2021-02-16 00:00:00', '2022-01-16 10:58:55'),
(37, 1, 59, 292, 999, '2021-02-16 00:00:00', '2022-01-16 10:58:55'),
(38, 1, 95, 474, 999, '2021-02-16 00:00:00', '2022-01-16 10:58:55'),
(39, 8, 43, 211, 999, '2021-02-16 00:00:00', '2022-01-16 10:58:55'),
(40, 10, 7, 33, 999, '2021-02-16 00:00:00', '2022-01-16 10:58:55'),
(41, 4, 27, 132, 999, '2021-02-16 00:00:00', '2022-01-16 10:58:55'),
(42, 10, 100, 500, 999, '2021-02-16 00:00:00', '2022-01-16 10:58:55'),
(43, 3, 29, 143, 999, '2021-02-16 00:00:00', '2022-01-16 10:58:55'),
(44, 1, 4, 18, 999, '2021-02-16 00:00:00', '2022-01-16 10:58:55'),
(45, 4, 82, 409, 999, '2021-02-16 00:00:00', '2022-01-16 10:58:55'),
(46, 6, 86, 430, 999, '2021-02-16 00:00:00', '2022-01-16 10:58:55'),
(47, 7, 64, 317, 999, '2021-02-16 00:00:00', '2022-01-16 10:58:55'),
(48, 1, 10, 47, 999, '2021-02-16 00:00:00', '2022-01-16 10:58:55'),
(49, 10, 78, 387, 999, '2021-02-16 00:00:00', '2022-01-16 10:58:55'),
(50, 9, 40, 198, 999, '2021-02-16 00:00:00', '2022-01-16 10:58:55'),
(51, 9, 12, 57, 999, '2021-02-16 00:00:00', '2022-01-16 10:58:55'),
(52, 4, 59, 293, 999, '2021-02-16 00:00:00', '2022-01-16 10:58:55'),
(53, 4, 52, 259, 999, '2021-02-16 00:00:00', '2022-01-16 10:58:55'),
(54, 10, 93, 463, 999, '2021-02-16 00:00:00', '2022-01-16 10:58:55'),
(55, 6, 6, 26, 999, '2021-02-16 00:00:00', '2022-01-16 10:58:55'),
(56, 8, 27, 131, 999, '2021-02-16 00:00:00', '2022-01-16 10:58:55'),
(57, 6, 25, 124, 999, '2021-02-16 00:00:00', '2022-01-16 10:58:55'),
(58, 2, 46, 229, 999, '2021-02-16 00:00:00', '2022-01-16 10:58:55'),
(59, 10, 85, 424, 999, '2021-02-16 00:00:00', '2022-01-16 10:58:55'),
(60, 4, 25, 121, 999, '2021-02-16 00:00:00', '2022-01-16 10:58:55'),
(61, 6, 92, 459, 999, '2021-02-16 00:00:00', '2022-01-16 10:58:55'),
(62, 10, 86, 428, 999, '2021-02-16 00:00:00', '2022-01-16 10:58:55'),
(63, 5, 23, 111, 999, '2021-02-16 00:00:00', '2022-01-16 10:58:55'),
(64, 8, 95, 473, 999, '2021-02-16 00:00:00', '2022-01-16 10:58:55'),
(65, 1, 39, 191, 999, '2021-02-16 00:00:00', '2022-01-16 10:58:55'),
(66, 7, 29, 145, 999, '2021-02-16 00:00:00', '2022-01-16 10:58:55'),
(67, 5, 86, 428, 999, '2021-02-16 00:00:00', '2022-01-16 10:58:55'),
(68, 7, 59, 293, 999, '2021-02-16 00:00:00', '2022-01-16 10:58:55'),
(69, 9, 34, 166, 999, '2021-02-16 00:00:00', '2022-01-16 10:58:55'),
(70, 8, 71, 353, 999, '2021-02-16 00:00:00', '2022-01-16 10:58:55'),
(71, 8, 72, 357, 999, '2021-02-16 00:00:00', '2022-01-16 10:58:55'),
(72, 4, 3, 15, 999, '2021-02-16 00:00:00', '2022-01-16 10:58:55'),
(73, 5, 2, 10, 999, '2021-02-16 00:00:00', '2022-01-16 10:58:56'),
(74, 3, 12, 60, 999, '2021-02-16 00:00:00', '2022-01-16 10:58:56'),
(75, 4, 15, 74, 999, '2021-02-16 00:00:00', '2022-01-16 10:58:56'),
(76, 3, 20, 97, 999, '2021-02-16 00:00:00', '2022-01-16 10:58:56'),
(77, 1, 55, 272, 999, '2021-02-16 00:00:00', '2022-01-16 10:58:56'),
(78, 4, 97, 482, 999, '2021-02-16 00:00:00', '2022-01-16 10:58:56'),
(79, 3, 11, 55, 999, '2021-02-16 00:00:00', '2022-01-16 10:58:56'),
(80, 8, 26, 128, 999, '2021-02-16 00:00:00', '2022-01-16 10:58:56'),
(81, 8, 48, 240, 999, '2021-02-16 00:00:00', '2022-01-16 10:58:56'),
(82, 5, 48, 240, 999, '2021-02-16 00:00:00', '2022-01-16 10:58:56'),
(83, 3, 7, 31, 999, '2021-02-16 00:00:00', '2022-01-16 10:58:56'),
(84, 10, 14, 67, 999, '2021-02-16 00:00:00', '2022-01-16 10:58:56'),
(85, 3, 79, 393, 999, '2021-02-16 00:00:00', '2022-01-16 10:58:56'),
(86, 2, 100, 498, 999, '2021-02-16 00:00:00', '2022-01-16 10:58:56'),
(87, 5, 65, 325, 999, '2021-02-16 00:00:00', '2022-01-16 10:58:56'),
(88, 5, 53, 265, 999, '2021-02-16 00:00:00', '2022-01-16 10:58:56'),
(89, 3, 72, 357, 999, '2021-02-16 00:00:00', '2022-01-16 10:58:56'),
(90, 9, 53, 262, 999, '2021-02-16 00:00:00', '2022-01-16 10:58:56'),
(91, 1, 37, 185, 999, '2021-02-16 00:00:00', '2022-01-16 10:58:56'),
(92, 8, 59, 292, 999, '2021-02-16 00:00:00', '2022-01-16 10:58:56'),
(93, 9, 66, 327, 999, '2021-02-16 00:00:00', '2022-01-16 10:58:56'),
(94, 8, 4, 16, 999, '2021-02-16 00:00:00', '2022-01-16 10:58:56'),
(95, 6, 78, 387, 999, '2021-02-16 00:00:00', '2022-01-16 10:58:56'),
(96, 8, 81, 404, 999, '2021-02-16 00:00:00', '2022-01-16 10:58:56'),
(97, 3, 40, 196, 999, '2021-02-16 00:00:00', '2022-01-16 10:58:56'),
(98, 1, 21, 101, 999, '2021-02-16 00:00:00', '2022-01-16 10:58:56'),
(99, 5, 21, 105, 999, '2021-02-16 00:00:00', '2022-01-16 10:58:56'),
(100, 9, 97, 482, 999, '2021-02-16 00:00:00', '2022-01-16 10:58:56');

-- END TABLE orders

-- BEGIN TABLE password_resets
DROP TABLE IF EXISTS password_resets;
CREATE TABLE `password_resets` (
  `email` varchar(255) COLLATE utf8mb4_unicode_ci NOT NULL,
  `token` varchar(255) COLLATE utf8mb4_unicode_ci NOT NULL,
  `created_at` timestamp NULL DEFAULT NULL,
  KEY `password_resets_email_index` (`email`)
) ENGINE=InnoDB DEFAULT CHARSET=utf8mb4 COLLATE=utf8mb4_unicode_ci;

-- Table password_resets contains no data. No inserts have been genrated.
-- Inserting 0 rows into password_resets


-- END TABLE password_resets

-- BEGIN TABLE personal_access_tokens
DROP TABLE IF EXISTS personal_access_tokens;
CREATE TABLE `personal_access_tokens` (
  `id` bigint unsigned NOT NULL AUTO_INCREMENT,
  `tokenable_type` varchar(255) COLLATE utf8mb4_unicode_ci NOT NULL,
  `tokenable_id` bigint unsigned NOT NULL,
  `name` varchar(255) COLLATE utf8mb4_unicode_ci NOT NULL,
  `token` varchar(64) COLLATE utf8mb4_unicode_ci NOT NULL,
  `abilities` text COLLATE utf8mb4_unicode_ci,
  `last_used_at` timestamp NULL DEFAULT NULL,
  `created_at` timestamp NULL DEFAULT NULL,
  `updated_at` timestamp NULL DEFAULT NULL,
  PRIMARY KEY (`id`),
  UNIQUE KEY `personal_access_tokens_token_unique` (`token`),
  KEY `personal_access_tokens_tokenable_type_tokenable_id_index` (`tokenable_type`,`tokenable_id`)
) ENGINE=InnoDB DEFAULT CHARSET=utf8mb4 COLLATE=utf8mb4_unicode_ci;

-- Table personal_access_tokens contains no data. No inserts have been genrated.
-- Inserting 0 rows into personal_access_tokens


-- END TABLE personal_access_tokens

-- BEGIN TABLE properties
DROP TABLE IF EXISTS properties;
CREATE TABLE `properties` (
  `id` bigint unsigned NOT NULL AUTO_INCREMENT,
  `name` varchar(255) COLLATE utf8mb4_unicode_ci NOT NULL,
  `created_at` timestamp NULL DEFAULT NULL,
  `updated_at` timestamp NULL DEFAULT NULL,
  PRIMARY KEY (`id`)
) ENGINE=InnoDB AUTO_INCREMENT=101 DEFAULT CHARSET=utf8mb4 COLLATE=utf8mb4_unicode_ci;

-- Inserting 100 rows into properties
-- Insert batch #1
INSERT INTO properties (id, name, created_at, updated_at) VALUES
(1, 'Dr. Jason Raynor MD', '2022-01-16 10:56:43', '2022-01-16 10:56:43'),
(2, 'Arthur Halvorson', '2022-01-16 10:56:43', '2022-01-16 10:56:43'),
(3, 'Eliezer Jenkins', '2022-01-16 10:56:43', '2022-01-16 10:56:43'),
(4, 'Prof. Rachel Doyle', '2022-01-16 10:56:43', '2022-01-16 10:56:43'),
(5, 'Gregg Connelly', '2022-01-16 10:56:43', '2022-01-16 10:56:43'),
(6, 'Prof. Scotty Ferry', '2022-01-16 10:56:43', '2022-01-16 10:56:43'),
(7, 'Prof. Montana VonRueden', '2022-01-16 10:56:43', '2022-01-16 10:56:43'),
(8, 'Mr. Stephan Kautzer MD', '2022-01-16 10:56:43', '2022-01-16 10:56:43'),
(9, 'Myrtice Stroman', '2022-01-16 10:56:43', '2022-01-16 10:56:43'),
(10, 'Vanessa Carter', '2022-01-16 10:56:43', '2022-01-16 10:56:43'),
(11, 'Mrs. Marlene Huel IV', '2022-01-16 10:56:43', '2022-01-16 10:56:43'),
(12, 'Malinda Harvey', '2022-01-16 10:56:43', '2022-01-16 10:56:43'),
(13, 'Prof. Wilton Kemmer DDS', '2022-01-16 10:56:43', '2022-01-16 10:56:43'),
(14, 'Krystel Huel', '2022-01-16 10:56:43', '2022-01-16 10:56:43'),
(15, 'Cody Strosin', '2022-01-16 10:56:43', '2022-01-16 10:56:43'),
(16, 'Sedrick Dietrich', '2022-01-16 10:56:43', '2022-01-16 10:56:43'),
(17, 'Dr. Jacques Nitzsche Jr.', '2022-01-16 10:56:43', '2022-01-16 10:56:43'),
(18, 'Kyle Wolf', '2022-01-16 10:56:44', '2022-01-16 10:56:44'),
(19, 'Kenyon Russel', '2022-01-16 10:56:44', '2022-01-16 10:56:44'),
(20, 'Miss Sincere Herman', '2022-01-16 10:56:44', '2022-01-16 10:56:44'),
(21, 'Lisa Lubowitz', '2022-01-16 10:56:44', '2022-01-16 10:56:44'),
(22, 'Christine Kub', '2022-01-16 10:56:44', '2022-01-16 10:56:44'),
(23, 'Prof. Josephine Mraz II', '2022-01-16 10:56:44', '2022-01-16 10:56:44'),
(24, 'Amos Gibson', '2022-01-16 10:56:44', '2022-01-16 10:56:44'),
(25, 'Francis Harber', '2022-01-16 10:56:44', '2022-01-16 10:56:44'),
(26, 'Dr. Esmeralda Parker', '2022-01-16 10:56:44', '2022-01-16 10:56:44'),
(27, 'Cynthia Waelchi', '2022-01-16 10:56:44', '2022-01-16 10:56:44'),
(28, 'Miss Noemy Jacobi V', '2022-01-16 10:56:44', '2022-01-16 10:56:44'),
(29, 'Wyatt Goyette', '2022-01-16 10:56:44', '2022-01-16 10:56:44'),
(30, 'Francisca Larkin II', '2022-01-16 10:56:44', '2022-01-16 10:56:44'),
(31, 'Brooklyn Bashirian', '2022-01-16 10:56:44', '2022-01-16 10:56:44'),
(32, 'Nat Aufderhar', '2022-01-16 10:56:44', '2022-01-16 10:56:44'),
(33, 'Addie Denesik', '2022-01-16 10:56:44', '2022-01-16 10:56:44'),
(34, 'Mr. Kamren DuBuque', '2022-01-16 10:56:44', '2022-01-16 10:56:44'),
(35, 'Brant Rogahn', '2022-01-16 10:56:44', '2022-01-16 10:56:44'),
(36, 'Dr. Cristian Collins', '2022-01-16 10:56:44', '2022-01-16 10:56:44'),
(37, 'Audra Keebler MD', '2022-01-16 10:56:44', '2022-01-16 10:56:44'),
(38, 'Scot Hintz', '2022-01-16 10:56:44', '2022-01-16 10:56:44'),
(39, 'Wendell Russel II', '2022-01-16 10:56:44', '2022-01-16 10:56:44'),
(40, 'Braeden Wisozk', '2022-01-16 10:56:44', '2022-01-16 10:56:44'),
(41, 'Adriana Ward', '2022-01-16 10:56:44', '2022-01-16 10:56:44'),
(42, 'Miss Alexane Schulist Jr.', '2022-01-16 10:56:44', '2022-01-16 10:56:44'),
(43, 'Antonia O''Reilly', '2022-01-16 10:56:44', '2022-01-16 10:56:44'),
(44, 'Erick Volkman', '2022-01-16 10:56:44', '2022-01-16 10:56:44'),
(45, 'Liana Quigley', '2022-01-16 10:56:44', '2022-01-16 10:56:44'),
(46, 'Tiffany Grant', '2022-01-16 10:56:44', '2022-01-16 10:56:44'),
(47, 'Mrs. Sadie Kunze III', '2022-01-16 10:56:44', '2022-01-16 10:56:44'),
(48, 'Maxine Ruecker MD', '2022-01-16 10:56:44', '2022-01-16 10:56:44'),
(49, 'Euna Schamberger', '2022-01-16 10:56:44', '2022-01-16 10:56:44'),
(50, 'Leora Howell', '2022-01-16 10:56:44', '2022-01-16 10:56:44'),
(51, 'Rollin Kertzmann', '2022-01-16 10:56:44', '2022-01-16 10:56:44'),
(52, 'Jonatan Von', '2022-01-16 10:56:44', '2022-01-16 10:56:44'),
(53, 'Jordyn Aufderhar II', '2022-01-16 10:56:44', '2022-01-16 10:56:44'),
(54, 'Mr. Cloyd Metz I', '2022-01-16 10:56:44', '2022-01-16 10:56:44'),
(55, 'Lyda Goyette I', '2022-01-16 10:56:45', '2022-01-16 10:56:45'),
(56, 'Mr. Samir Doyle', '2022-01-16 10:56:45', '2022-01-16 10:56:45'),
(57, 'Miss Elda Zemlak', '2022-01-16 10:56:45', '2022-01-16 10:56:45'),
(58, 'Gabrielle Hudson Sr.', '2022-01-16 10:56:45', '2022-01-16 10:56:45'),
(59, 'Prof. Addison Ritchie I', '2022-01-16 10:56:45', '2022-01-16 10:56:45'),
(60, 'Maude Kub', '2022-01-16 10:56:45', '2022-01-16 10:56:45'),
(61, 'Mrs. Kacie Denesik', '2022-01-16 10:56:45', '2022-01-16 10:56:45'),
(62, 'Kadin Parisian', '2022-01-16 10:56:45', '2022-01-16 10:56:45'),
(63, 'Dudley Robel', '2022-01-16 10:56:45', '2022-01-16 10:56:45'),
(64, 'Alvena Hessel', '2022-01-16 10:56:45', '2022-01-16 10:56:45'),
(65, 'Eloy Brekke', '2022-01-16 10:56:45', '2022-01-16 10:56:45'),
(66, 'Markus McKenzie', '2022-01-16 10:56:45', '2022-01-16 10:56:45'),
(67, 'Dr. Rickey Russel', '2022-01-16 10:56:45', '2022-01-16 10:56:45'),
(68, 'Robbie Rowe', '2022-01-16 10:56:45', '2022-01-16 10:56:45'),
(69, 'Reyes Rice Jr.', '2022-01-16 10:56:45', '2022-01-16 10:56:45'),
(70, 'Myah Ernser', '2022-01-16 10:56:45', '2022-01-16 10:56:45'),
(71, 'Ollie Cassin', '2022-01-16 10:56:45', '2022-01-16 10:56:45'),
(72, 'Chelsey Will', '2022-01-16 10:56:45', '2022-01-16 10:56:45'),
(73, 'Leslie Goldner', '2022-01-16 10:56:45', '2022-01-16 10:56:45'),
(74, 'Prof. Reagan Shields DVM', '2022-01-16 10:56:45', '2022-01-16 10:56:45'),
(75, 'Ms. Patience Gleason', '2022-01-16 10:56:45', '2022-01-16 10:56:45'),
(76, 'Sylvia Heidenreich', '2022-01-16 10:56:45', '2022-01-16 10:56:45'),
(77, 'Thomas Stracke', '2022-01-16 10:56:45', '2022-01-16 10:56:45'),
(78, 'Mrs. Mallie Zemlak', '2022-01-16 10:56:45', '2022-01-16 10:56:45'),
(79, 'Caitlyn Stiedemann', '2022-01-16 10:56:45', '2022-01-16 10:56:45'),
(80, 'Marco Hoppe', '2022-01-16 10:56:45', '2022-01-16 10:56:45'),
(81, 'Katheryn Medhurst II', '2022-01-16 10:56:45', '2022-01-16 10:56:45'),
(82, 'Prof. Willa Gerlach V', '2022-01-16 10:56:45', '2022-01-16 10:56:45'),
(83, 'Prof. Cecelia Fisher', '2022-01-16 10:56:45', '2022-01-16 10:56:45'),
(84, 'Dr. Adonis Morar', '2022-01-16 10:56:45', '2022-01-16 10:56:45'),
(85, 'Effie McClure', '2022-01-16 10:56:45', '2022-01-16 10:56:45'),
(86, 'Reggie Zboncak MD', '2022-01-16 10:56:45', '2022-01-16 10:56:45'),
(87, 'Clementina Raynor III', '2022-01-16 10:56:45', '2022-01-16 10:56:45'),
(88, 'Prof. Mariana Schoen', '2022-01-16 10:56:45', '2022-01-16 10:56:45'),
(89, 'Savanna Halvorson DVM', '2022-01-16 10:56:45', '2022-01-16 10:56:45'),
(90, 'Danyka Torp', '2022-01-16 10:56:46', '2022-01-16 10:56:46'),
(91, 'Joshuah Gerlach', '2022-01-16 10:56:46', '2022-01-16 10:56:46'),
(92, 'Nikki Welch', '2022-01-16 10:56:46', '2022-01-16 10:56:46'),
(93, 'Aaliyah Corwin', '2022-01-16 10:56:46', '2022-01-16 10:56:46'),
(94, 'Matteo Mohr', '2022-01-16 10:56:46', '2022-01-16 10:56:46'),
(95, 'Ms. Lou Walsh DDS', '2022-01-16 10:56:46', '2022-01-16 10:56:46'),
(96, 'Dr. Macey Dietrich V', '2022-01-16 10:56:46', '2022-01-16 10:56:46'),
(97, 'Ms. Magnolia Fahey IV', '2022-01-16 10:56:46', '2022-01-16 10:56:46'),
(98, 'Audrey O''Hara Sr.', '2022-01-16 10:56:46', '2022-01-16 10:56:46'),
(99, 'Prof. Peter Pouros I', '2022-01-16 10:56:46', '2022-01-16 10:56:46'),
(100, 'Mr. Jensen Hegmann', '2022-01-16 10:56:46', '2022-01-16 10:56:46');

-- END TABLE properties

-- BEGIN TABLE rooms
DROP TABLE IF EXISTS rooms;
CREATE TABLE `rooms` (
  `id` bigint unsigned NOT NULL AUTO_INCREMENT,
  `property_id` bigint unsigned NOT NULL,
  `name` varchar(255) COLLATE utf8mb4_unicode_ci NOT NULL,
  `price` decimal(8,2) NOT NULL,
  `created_at` timestamp NULL DEFAULT NULL,
  `updated_at` timestamp NULL DEFAULT NULL,
  PRIMARY KEY (`id`)
) ENGINE=InnoDB AUTO_INCREMENT=501 DEFAULT CHARSET=utf8mb4 COLLATE=utf8mb4_unicode_ci;

-- Inserting 500 rows into rooms
-- Insert batch #1
INSERT INTO rooms (id, property_id, name, price, created_at, updated_at) VALUES
(1, 1, 'Aliquam ut dolores pariatur aperiam excepturi.', 999, '2022-01-16 10:56:43', '2022-01-16 10:56:43'),
(2, 1, 'Sint ipsam eius perspiciatis ab hic sunt laboriosam.', 999, '2022-01-16 10:56:43', '2022-01-16 10:56:43'),
(3, 1, 'Ipsam ipsa est nobis quibusdam quia numquam.', 999, '2022-01-16 10:56:43', '2022-01-16 10:56:43'),
(4, 1, 'Aliquam commodi perferendis magnam voluptatem vel expedita rerum totam.', 999, '2022-01-16 10:56:43', '2022-01-16 10:56:43'),
(5, 1, 'Eligendi sapiente fuga natus asperiores ut ad iusto dignissimos.', 999, '2022-01-16 10:56:43', '2022-01-16 10:56:43'),
(6, 2, 'Nobis tempore quaerat quibusdam non autem.', 999, '2022-01-16 10:56:43', '2022-01-16 10:56:43'),
(7, 2, 'Tempore enim beatae voluptas error placeat.', 999, '2022-01-16 10:56:43', '2022-01-16 10:56:43'),
(8, 2, 'Qui totam et consequuntur.', 999, '2022-01-16 10:56:43', '2022-01-16 10:56:43'),
(9, 2, 'Officia laborum sit nulla tenetur.', 999, '2022-01-16 10:56:43', '2022-01-16 10:56:43'),
(10, 2, 'Minima magni qui magnam vero.', 999, '2022-01-16 10:56:43', '2022-01-16 10:56:43'),
(11, 3, 'Eos nihil quia porro reprehenderit dolorem.', 999, '2022-01-16 10:56:43', '2022-01-16 10:56:43'),
(12, 3, 'Est id et voluptatem expedita.', 999, '2022-01-16 10:56:43', '2022-01-16 10:56:43'),
(13, 3, 'Deserunt ea occaecati deserunt eveniet dolorem dolores aperiam impedit.', 999, '2022-01-16 10:56:43', '2022-01-16 10:56:43'),
(14, 3, 'A occaecati ab quo a doloremque exercitationem.', 999, '2022-01-16 10:56:43', '2022-01-16 10:56:43'),
(15, 3, 'Beatae ut asperiores quidem facere saepe qui voluptates eveniet.', 999, '2022-01-16 10:56:43', '2022-01-16 10:56:43'),
(16, 4, 'Sint minima aut debitis optio ut non perferendis.', 999, '2022-01-16 10:56:43', '2022-01-16 10:56:43'),
(17, 4, 'Velit reprehenderit laborum aliquam assumenda suscipit.', 999, '2022-01-16 10:56:43', '2022-01-16 10:56:43'),
(18, 4, 'Sed repudiandae aperiam rerum esse autem quia aut consequatur.', 999, '2022-01-16 10:56:43', '2022-01-16 10:56:43'),
(19, 4, 'Qui natus quo doloremque quia molestiae ullam quo.', 999, '2022-01-16 10:56:43', '2022-01-16 10:56:43'),
(20, 4, 'Reiciendis sequi velit omnis eligendi cum ratione.', 999, '2022-01-16 10:56:43', '2022-01-16 10:56:43'),
(21, 5, 'Laboriosam dolorem quo nihil eum id corrupti.', 999, '2022-01-16 10:56:43', '2022-01-16 10:56:43'),
(22, 5, 'Quisquam optio atque ut nihil distinctio ut enim voluptatum.', 999, '2022-01-16 10:56:43', '2022-01-16 10:56:43'),
(23, 5, 'Quisquam sequi odit occaecati animi.', 999, '2022-01-16 10:56:43', '2022-01-16 10:56:43'),
(24, 5, 'Vitae vero eos aspernatur et.', 999, '2022-01-16 10:56:43', '2022-01-16 10:56:43'),
(25, 5, 'Iste saepe nisi nemo sint odit deleniti itaque dicta.', 999, '2022-01-16 10:56:43', '2022-01-16 10:56:43'),
(26, 6, 'Commodi cumque mollitia dignissimos.', 999, '2022-01-16 10:56:43', '2022-01-16 10:56:43'),
(27, 6, 'Fuga ipsum omnis et enim quia et tenetur illo.', 999, '2022-01-16 10:56:43', '2022-01-16 10:56:43'),
(28, 6, 'Pariatur tenetur et nihil.', 999, '2022-01-16 10:56:43', '2022-01-16 10:56:43'),
(29, 6, 'Veritatis libero sit sit recusandae.', 999, '2022-01-16 10:56:43', '2022-01-16 10:56:43'),
(30, 6, 'Autem doloremque modi quia ut quidem quia.', 999, '2022-01-16 10:56:43', '2022-01-16 10:56:43'),
(31, 7, 'Quidem sed corporis voluptatem id.', 999, '2022-01-16 10:56:43', '2022-01-16 10:56:43'),
(32, 7, 'Ipsum sed ratione aperiam voluptatem exercitationem modi perspiciatis.', 999, '2022-01-16 10:56:43', '2022-01-16 10:56:43'),
(33, 7, 'Atque omnis voluptas iure et iure nulla.', 999, '2022-01-16 10:56:43', '2022-01-16 10:56:43'),
(34, 7, 'Est non veritatis cumque accusamus culpa dolore tempore consequuntur.', 999, '2022-01-16 10:56:43', '2022-01-16 10:56:43'),
(35, 7, 'Illum soluta sapiente asperiores.', 999, '2022-01-16 10:56:43', '2022-01-16 10:56:43'),
(36, 8, 'Deleniti maxime sapiente harum ut.', 999, '2022-01-16 10:56:43', '2022-01-16 10:56:43'),
(37, 8, 'Ut labore sint natus possimus.', 999, '2022-01-16 10:56:43', '2022-01-16 10:56:43'),
(38, 8, 'Perferendis earum iusto ullam qui.', 999, '2022-01-16 10:56:43', '2022-01-16 10:56:43'),
(39, 8, 'Non quos provident accusamus consequatur numquam sit assumenda.', 999, '2022-01-16 10:56:43', '2022-01-16 10:56:43'),
(40, 8, 'Accusamus deserunt ipsam non at a molestias.', 999, '2022-01-16 10:56:43', '2022-01-16 10:56:43'),
(41, 9, 'Distinctio incidunt accusantium saepe sed.', 999, '2022-01-16 10:56:43', '2022-01-16 10:56:43'),
(42, 9, 'Autem sint explicabo quam sit voluptas natus ipsam.', 999, '2022-01-16 10:56:43', '2022-01-16 10:56:43'),
(43, 9, 'Nam quam id fugiat doloribus adipisci commodi quos corporis.', 999, '2022-01-16 10:56:43', '2022-01-16 10:56:43'),
(44, 9, 'Nulla ut sunt culpa reiciendis est ut enim.', 999, '2022-01-16 10:56:43', '2022-01-16 10:56:43'),
(45, 9, 'Voluptas quasi sit velit ut esse.', 999, '2022-01-16 10:56:43', '2022-01-16 10:56:43'),
(46, 10, 'Cumque non pariatur ducimus aut praesentium animi.', 999, '2022-01-16 10:56:43', '2022-01-16 10:56:43'),
(47, 10, 'Mollitia dolores enim illum autem aut officia.', 999, '2022-01-16 10:56:43', '2022-01-16 10:56:43'),
(48, 10, 'Id optio delectus itaque.', 999, '2022-01-16 10:56:43', '2022-01-16 10:56:43'),
(49, 10, 'Est suscipit similique dolor reiciendis.', 999, '2022-01-16 10:56:43', '2022-01-16 10:56:43'),
(50, 10, 'Est similique quos sed consequuntur animi quidem.', 999, '2022-01-16 10:56:43', '2022-01-16 10:56:43'),
(51, 11, 'Dolor repellendus expedita aut deserunt nostrum voluptas ipsum.', 999, '2022-01-16 10:56:43', '2022-01-16 10:56:43'),
(52, 11, 'Qui qui perferendis mollitia.', 999, '2022-01-16 10:56:43', '2022-01-16 10:56:43'),
(53, 11, 'In est et qui aliquid id eius unde velit.', 999, '2022-01-16 10:56:43', '2022-01-16 10:56:43'),
(54, 11, 'Laborum sed a temporibus et.', 999, '2022-01-16 10:56:43', '2022-01-16 10:56:43'),
(55, 11, 'Atque unde laudantium et est sit quisquam.', 999, '2022-01-16 10:56:43', '2022-01-16 10:56:43'),
(56, 12, 'Eum ex consectetur accusamus provident.', 999, '2022-01-16 10:56:43', '2022-01-16 10:56:43'),
(57, 12, 'Ea ut modi nemo nostrum veritatis dolores ea fuga.', 999, '2022-01-16 10:56:43', '2022-01-16 10:56:43'),
(58, 12, 'Esse nostrum odit assumenda molestias.', 999, '2022-01-16 10:56:43', '2022-01-16 10:56:43'),
(59, 12, 'Animi in harum temporibus qui.', 999, '2022-01-16 10:56:43', '2022-01-16 10:56:43'),
(60, 12, 'Aut ipsum labore non nihil rerum.', 999, '2022-01-16 10:56:43', '2022-01-16 10:56:43'),
(61, 13, 'Excepturi sit praesentium dolorem placeat voluptate commodi.', 999, '2022-01-16 10:56:43', '2022-01-16 10:56:43'),
(62, 13, 'Ut eveniet quo est necessitatibus quam sit voluptatem.', 999, '2022-01-16 10:56:43', '2022-01-16 10:56:43'),
(63, 13, 'Tempore dolor voluptatibus corporis et.', 999, '2022-01-16 10:56:43', '2022-01-16 10:56:43'),
(64, 13, 'Pariatur est ratione repellendus velit inventore exercitationem magnam.', 999, '2022-01-16 10:56:43', '2022-01-16 10:56:43'),
(65, 13, 'Praesentium sit aut placeat et consequuntur autem.', 999, '2022-01-16 10:56:43', '2022-01-16 10:56:43'),
(66, 14, 'Quis voluptatem ut recusandae laborum.', 999, '2022-01-16 10:56:43', '2022-01-16 10:56:43'),
(67, 14, 'Beatae aliquam vero veritatis eum.', 999, '2022-01-16 10:56:43', '2022-01-16 10:56:43'),
(68, 14, 'Placeat nam officia amet tempore.', 999, '2022-01-16 10:56:43', '2022-01-16 10:56:43'),
(69, 14, 'Ipsam quidem enim quos fugiat sit facilis.', 999, '2022-01-16 10:56:43', '2022-01-16 10:56:43'),
(70, 14, 'Optio quo optio et quis quos dolorem sed et.', 999, '2022-01-16 10:56:43', '2022-01-16 10:56:43'),
(71, 15, 'Voluptas molestias ducimus ad magni sed numquam saepe veritatis.', 999, '2022-01-16 10:56:43', '2022-01-16 10:56:43'),
(72, 15, 'Numquam velit veniam unde est enim ad.', 999, '2022-01-16 10:56:43', '2022-01-16 10:56:43'),
(73, 15, 'Voluptatem quia architecto molestiae iure est vitae deserunt.', 999, '2022-01-16 10:56:43', '2022-01-16 10:56:43'),
(74, 15, 'Maxime placeat qui nemo consequuntur.', 999, '2022-01-16 10:56:43', '2022-01-16 10:56:43'),
(75, 15, 'Incidunt error consequuntur eos voluptates asperiores sunt.', 999, '2022-01-16 10:56:43', '2022-01-16 10:56:43'),
(76, 16, 'Ut odit aut quis deserunt quia nemo accusantium.', 999, '2022-01-16 10:56:43', '2022-01-16 10:56:43'),
(77, 16, 'Amet perspiciatis ducimus perferendis ut.', 999, '2022-01-16 10:56:43', '2022-01-16 10:56:43'),
(78, 16, 'Consequatur ratione dolore quidem et.', 999, '2022-01-16 10:56:43', '2022-01-16 10:56:43'),
(79, 16, 'Nisi sit et sunt illum.', 999, '2022-01-16 10:56:43', '2022-01-16 10:56:43'),
(80, 16, 'Autem natus sint eos sint illum.', 999, '2022-01-16 10:56:43', '2022-01-16 10:56:43'),
(81, 17, 'Quisquam dicta quos quo distinctio exercitationem incidunt quaerat ducimus.', 999, '2022-01-16 10:56:43', '2022-01-16 10:56:43'),
(82, 17, 'Aperiam consequatur tenetur laborum dolores ullam vero.', 999, '2022-01-16 10:56:43', '2022-01-16 10:56:43'),
(83, 17, 'Enim sunt provident deserunt odit quis et at veniam.', 999, '2022-01-16 10:56:44', '2022-01-16 10:56:44'),
(84, 17, 'Asperiores et esse quia enim blanditiis odit enim.', 999, '2022-01-16 10:56:44', '2022-01-16 10:56:44'),
(85, 17, 'Sit officiis provident ratione accusamus fugit optio.', 999, '2022-01-16 10:56:44', '2022-01-16 10:56:44'),
(86, 18, 'Minus incidunt voluptatem veritatis est facilis corporis voluptatem.', 999, '2022-01-16 10:56:44', '2022-01-16 10:56:44'),
(87, 18, 'Qui repellendus cum quia repellendus nemo velit ratione.', 999, '2022-01-16 10:56:44', '2022-01-16 10:56:44'),
(88, 18, 'Similique voluptatem earum veritatis sit consequuntur minima quas.', 999, '2022-01-16 10:56:44', '2022-01-16 10:56:44'),
(89, 18, 'Et earum quo impedit eligendi sit eum veniam.', 999, '2022-01-16 10:56:44', '2022-01-16 10:56:44'),
(90, 18, 'Cupiditate autem eos a ea ipsa.', 999, '2022-01-16 10:56:44', '2022-01-16 10:56:44'),
(91, 19, 'Et dolore illo mollitia quo id quia.', 999, '2022-01-16 10:56:44', '2022-01-16 10:56:44'),
(92, 19, 'Et vero aut minus dolores.', 999, '2022-01-16 10:56:44', '2022-01-16 10:56:44'),
(93, 19, 'Occaecati voluptate magni quis laborum.', 999, '2022-01-16 10:56:44', '2022-01-16 10:56:44'),
(94, 19, 'Eius voluptatibus sed molestias accusantium quos nihil autem.', 999, '2022-01-16 10:56:44', '2022-01-16 10:56:44'),
(95, 19, 'Ex quisquam error earum ea.', 999, '2022-01-16 10:56:44', '2022-01-16 10:56:44'),
(96, 20, 'Itaque est quaerat aut vel minus.', 999, '2022-01-16 10:56:44', '2022-01-16 10:56:44'),
(97, 20, 'Delectus nihil reiciendis ipsam ut id.', 999, '2022-01-16 10:56:44', '2022-01-16 10:56:44'),
(98, 20, 'Vero unde ipsam nobis nostrum.', 999, '2022-01-16 10:56:44', '2022-01-16 10:56:44'),
(99, 20, 'Aliquam consequatur quo voluptas.', 999, '2022-01-16 10:56:44', '2022-01-16 10:56:44'),
(100, 20, 'Aliquid autem architecto molestiae et nihil nulla qui.', 999, '2022-01-16 10:56:44', '2022-01-16 10:56:44'),
(101, 21, 'Tenetur accusamus modi in amet.', 999, '2022-01-16 10:56:44', '2022-01-16 10:56:44'),
(102, 21, 'Impedit odit id ea vero.', 999, '2022-01-16 10:56:44', '2022-01-16 10:56:44'),
(103, 21, 'Culpa incidunt incidunt consectetur quis praesentium eligendi alias.', 999, '2022-01-16 10:56:44', '2022-01-16 10:56:44'),
(104, 21, 'Possimus alias quasi amet molestiae sed id nobis.', 999, '2022-01-16 10:56:44', '2022-01-16 10:56:44'),
(105, 21, 'Omnis iure debitis eum ipsam.', 999, '2022-01-16 10:56:44', '2022-01-16 10:56:44'),
(106, 22, 'Iusto hic sunt impedit quibusdam ipsam.', 999, '2022-01-16 10:56:44', '2022-01-16 10:56:44'),
(107, 22, 'Et saepe eum quos quis nihil.', 999, '2022-01-16 10:56:44', '2022-01-16 10:56:44'),
(108, 22, 'Ut consectetur officia quisquam labore sunt qui.', 999, '2022-01-16 10:56:44', '2022-01-16 10:56:44'),
(109, 22, 'Architecto ullam inventore asperiores deleniti ipsa voluptas dolores.', 999, '2022-01-16 10:56:44', '2022-01-16 10:56:44'),
(110, 22, 'Sit aut qui facilis deserunt voluptate.', 999, '2022-01-16 10:56:44', '2022-01-16 10:56:44'),
(111, 23, 'Aliquid expedita nam ea maxime fugit aut nobis et.', 999, '2022-01-16 10:56:44', '2022-01-16 10:56:44'),
(112, 23, 'Ab voluptates aliquam dolorum molestiae voluptatem velit eos.', 999, '2022-01-16 10:56:44', '2022-01-16 10:56:44'),
(113, 23, 'Qui et deleniti esse et.', 999, '2022-01-16 10:56:44', '2022-01-16 10:56:44'),
(114, 23, 'Quo nisi et molestiae laudantium odio provident voluptatem.', 999, '2022-01-16 10:56:44', '2022-01-16 10:56:44'),
(115, 23, 'Corrupti illum sed ullam.', 999, '2022-01-16 10:56:44', '2022-01-16 10:56:44'),
(116, 24, 'Dolorem eligendi ea quidem voluptatum.', 999, '2022-01-16 10:56:44', '2022-01-16 10:56:44'),
(117, 24, 'Tempore aut ratione autem assumenda nihil molestias ipsa eum.', 999, '2022-01-16 10:56:44', '2022-01-16 10:56:44'),
(118, 24, 'Odit dolores exercitationem at non.', 999, '2022-01-16 10:56:44', '2022-01-16 10:56:44'),
(119, 24, 'Et praesentium qui totam nihil aspernatur.', 999, '2022-01-16 10:56:44', '2022-01-16 10:56:44'),
(120, 24, 'Id voluptatibus molestias animi et omnis vero qui sit.', 999, '2022-01-16 10:56:44', '2022-01-16 10:56:44'),
(121, 25, 'Dicta omnis fuga vero et nobis rerum.', 999, '2022-01-16 10:56:44', '2022-01-16 10:56:44'),
(122, 25, 'Animi et debitis ea eligendi aliquam quia ab accusantium.', 999, '2022-01-16 10:56:44', '2022-01-16 10:56:44'),
(123, 25, 'Eligendi expedita tempore beatae.', 999, '2022-01-16 10:56:44', '2022-01-16 10:56:44'),
(124, 25, 'Voluptate ut ut fugit culpa voluptate.', 999, '2022-01-16 10:56:44', '2022-01-16 10:56:44'),
(125, 25, 'Ipsam qui autem vel et enim est impedit.', 999, '2022-01-16 10:56:44', '2022-01-16 10:56:44'),
(126, 26, 'Qui quis quia esse ipsum nihil commodi eius sunt.', 999, '2022-01-16 10:56:44', '2022-01-16 10:56:44'),
(127, 26, 'Doloribus autem suscipit ea ipsa accusantium.', 999, '2022-01-16 10:56:44', '2022-01-16 10:56:44'),
(128, 26, 'Fugiat incidunt soluta neque sapiente voluptates veniam nisi quo.', 999, '2022-01-16 10:56:44', '2022-01-16 10:56:44'),
(129, 26, 'Nostrum veritatis itaque voluptatibus non aut omnis.', 999, '2022-01-16 10:56:44', '2022-01-16 10:56:44'),
(130, 26, 'Excepturi expedita illo excepturi nesciunt ea eaque.', 999, '2022-01-16 10:56:44', '2022-01-16 10:56:44'),
(131, 27, 'Eligendi ea et iusto eos tempore voluptas dolorem.', 999, '2022-01-16 10:56:44', '2022-01-16 10:56:44'),
(132, 27, 'Veritatis dolore quam aut sit omnis praesentium.', 999, '2022-01-16 10:56:44', '2022-01-16 10:56:44'),
(133, 27, 'Qui qui dicta ab est.', 999, '2022-01-16 10:56:44', '2022-01-16 10:56:44'),
(134, 27, 'Recusandae est amet deserunt.', 999, '2022-01-16 10:56:44', '2022-01-16 10:56:44'),
(135, 27, 'Necessitatibus optio quia aspernatur adipisci minus.', 999, '2022-01-16 10:56:44', '2022-01-16 10:56:44'),
(136, 28, 'Eum sunt omnis quia optio officiis autem velit.', 999, '2022-01-16 10:56:44', '2022-01-16 10:56:44'),
(137, 28, 'Ea amet est provident quidem.', 999, '2022-01-16 10:56:44', '2022-01-16 10:56:44'),
(138, 28, 'Ex culpa voluptas ab sapiente sit sed.', 999, '2022-01-16 10:56:44', '2022-01-16 10:56:44'),
(139, 28, 'Nam animi doloremque voluptatem dicta ullam mollitia quidem minus.', 999, '2022-01-16 10:56:44', '2022-01-16 10:56:44'),
(140, 28, 'Quasi optio quam dolorem minima quia atque.', 999, '2022-01-16 10:56:44', '2022-01-16 10:56:44'),
(141, 29, 'Numquam sed aut nihil ipsum assumenda aut facere.', 999, '2022-01-16 10:56:44', '2022-01-16 10:56:44'),
(142, 29, 'Nihil dignissimos placeat velit aut corporis non qui.', 999, '2022-01-16 10:56:44', '2022-01-16 10:56:44'),
(143, 29, 'Aut tempore provident et nihil ipsum autem rerum aut.', 999, '2022-01-16 10:56:44', '2022-01-16 10:56:44'),
(144, 29, 'Reiciendis ipsa dolor voluptatum corporis placeat.', 999, '2022-01-16 10:56:44', '2022-01-16 10:56:44'),
(145, 29, 'Sunt accusamus omnis voluptatum et rerum ad sequi.', 999, '2022-01-16 10:56:44', '2022-01-16 10:56:44'),
(146, 30, 'Rerum sequi voluptas facere cum quasi.', 999, '2022-01-16 10:56:44', '2022-01-16 10:56:44'),
(147, 30, 'Repellat eveniet nihil tempora.', 999, '2022-01-16 10:56:44', '2022-01-16 10:56:44'),
(148, 30, 'Possimus hic neque beatae doloribus optio quo veritatis.', 999, '2022-01-16 10:56:44', '2022-01-16 10:56:44'),
(149, 30, 'Rerum totam minus corporis a sequi.', 999, '2022-01-16 10:56:44', '2022-01-16 10:56:44'),
(150, 30, 'Facere illum perspiciatis vero sapiente et.', 999, '2022-01-16 10:56:44', '2022-01-16 10:56:44'),
(151, 31, 'Perspiciatis facere est libero tenetur rerum.', 999, '2022-01-16 10:56:44', '2022-01-16 10:56:44'),
(152, 31, 'Est ut laboriosam explicabo deserunt laudantium animi labore.', 999, '2022-01-16 10:56:44', '2022-01-16 10:56:44'),
(153, 31, 'Ratione porro odio nam minima blanditiis.', 999, '2022-01-16 10:56:44', '2022-01-16 10:56:44'),
(154, 31, 'Libero suscipit veniam debitis a.', 999, '2022-01-16 10:56:44', '2022-01-16 10:56:44'),
(155, 31, 'Praesentium et iusto iste quidem quidem quidem et.', 999, '2022-01-16 10:56:44', '2022-01-16 10:56:44'),
(156, 32, 'Voluptas vitae quos porro.', 999, '2022-01-16 10:56:44', '2022-01-16 10:56:44'),
(157, 32, 'Aperiam minima animi et dolore omnis labore autem.', 999, '2022-01-16 10:56:44', '2022-01-16 10:56:44'),
(158, 32, 'Nisi atque officia est et tempore qui est.', 999, '2022-01-16 10:56:44', '2022-01-16 10:56:44'),
(159, 32, 'Quia adipisci maiores et dolor consequuntur.', 999, '2022-01-16 10:56:44', '2022-01-16 10:56:44'),
(160, 32, 'Quia hic eaque inventore nesciunt in praesentium ad.', 999, '2022-01-16 10:56:44', '2022-01-16 10:56:44'),
(161, 33, 'Qui recusandae voluptatem et sed porro unde.', 999, '2022-01-16 10:56:44', '2022-01-16 10:56:44'),
(162, 33, 'Dicta odit quas consequatur mollitia.', 999, '2022-01-16 10:56:44', '2022-01-16 10:56:44'),
(163, 33, 'Nostrum ab consequatur nesciunt hic dolor.', 999, '2022-01-16 10:56:44', '2022-01-16 10:56:44'),
(164, 33, 'Ut consequatur dolorem quod aut.', 999, '2022-01-16 10:56:44', '2022-01-16 10:56:44'),
(165, 33, 'Quisquam incidunt fugit fuga cupiditate id.', 999, '2022-01-16 10:56:44', '2022-01-16 10:56:44'),
(166, 34, 'Omnis optio quibusdam incidunt qui nemo.', 999, '2022-01-16 10:56:44', '2022-01-16 10:56:44'),
(167, 34, 'Aliquam maiores perferendis ipsam.', 999, '2022-01-16 10:56:44', '2022-01-16 10:56:44'),
(168, 34, 'Sapiente harum et quis.', 999, '2022-01-16 10:56:44', '2022-01-16 10:56:44'),
(169, 34, 'Quas in neque sunt quae nisi.', 999, '2022-01-16 10:56:44', '2022-01-16 10:56:44'),
(170, 34, 'Numquam fuga illum voluptatem enim.', 999, '2022-01-16 10:56:44', '2022-01-16 10:56:44'),
(171, 35, 'Sunt delectus et consequatur non.', 999, '2022-01-16 10:56:44', '2022-01-16 10:56:44'),
(172, 35, 'Et veritatis reprehenderit laborum voluptatibus culpa.', 999, '2022-01-16 10:56:44', '2022-01-16 10:56:44'),
(173, 35, 'Maxime libero reiciendis modi ullam saepe.', 999, '2022-01-16 10:56:44', '2022-01-16 10:56:44'),
(174, 35, 'Enim rerum ad adipisci consectetur laborum eaque.', 999, '2022-01-16 10:56:44', '2022-01-16 10:56:44'),
(175, 35, 'Et qui est explicabo voluptatem quia.', 999, '2022-01-16 10:56:44', '2022-01-16 10:56:44'),
(176, 36, 'Rerum consequatur distinctio architecto dolor ab.', 999, '2022-01-16 10:56:44', '2022-01-16 10:56:44'),
(177, 36, 'Aut molestiae reiciendis corporis rem.', 999, '2022-01-16 10:56:44', '2022-01-16 10:56:44'),
(178, 36, 'Doloribus soluta vel nesciunt qui.', 999, '2022-01-16 10:56:44', '2022-01-16 10:56:44'),
(179, 36, 'Ullam sit sint corporis omnis fuga rerum deserunt.', 999, '2022-01-16 10:56:44', '2022-01-16 10:56:44'),
(180, 36, 'Fuga voluptates recusandae cupiditate facilis dolorum.', 999, '2022-01-16 10:56:44', '2022-01-16 10:56:44'),
(181, 37, 'Facere aut architecto vitae est minus.', 999, '2022-01-16 10:56:44', '2022-01-16 10:56:44'),
(182, 37, 'Doloremque optio voluptas corporis id qui corrupti.', 999, '2022-01-16 10:56:44', '2022-01-16 10:56:44'),
(183, 37, 'Laudantium vel et facilis magnam aliquid sit molestiae.', 999, '2022-01-16 10:56:44', '2022-01-16 10:56:44'),
(184, 37, 'Ab eos ad iste commodi.', 999, '2022-01-16 10:56:44', '2022-01-16 10:56:44'),
(185, 37, 'Ad quia necessitatibus exercitationem voluptas.', 999, '2022-01-16 10:56:44', '2022-01-16 10:56:44'),
(186, 38, 'Sed molestiae amet enim id sed.', 999, '2022-01-16 10:56:44', '2022-01-16 10:56:44'),
(187, 38, 'Harum et nulla iure magni velit consequatur.', 999, '2022-01-16 10:56:44', '2022-01-16 10:56:44'),
(188, 38, 'Esse cupiditate ad sunt molestiae iure nulla sequi.', 999, '2022-01-16 10:56:44', '2022-01-16 10:56:44'),
(189, 38, 'Repudiandae mollitia sapiente laudantium pariatur voluptatibus recusandae dolorem.', 999, '2022-01-16 10:56:44', '2022-01-16 10:56:44'),
(190, 38, 'Sint voluptas qui laudantium similique.', 999, '2022-01-16 10:56:44', '2022-01-16 10:56:44'),
(191, 39, 'Aut suscipit delectus quia quasi culpa autem ipsa.', 999, '2022-01-16 10:56:44', '2022-01-16 10:56:44'),
(192, 39, 'Officiis voluptates sequi rerum sint necessitatibus.', 999, '2022-01-16 10:56:44', '2022-01-16 10:56:44'),
(193, 39, 'Eius nemo error autem nemo voluptas consequatur et.', 999, '2022-01-16 10:56:44', '2022-01-16 10:56:44'),
(194, 39, 'Aut quos eos id exercitationem itaque.', 999, '2022-01-16 10:56:44', '2022-01-16 10:56:44'),
(195, 39, 'Non vel laboriosam voluptas dolore sapiente eum beatae.', 999, '2022-01-16 10:56:44', '2022-01-16 10:56:44'),
(196, 40, 'Aliquam aliquid atque dicta ducimus commodi voluptas.', 999, '2022-01-16 10:56:44', '2022-01-16 10:56:44'),
(197, 40, 'Nesciunt aliquam quod illum aut iusto occaecati dicta animi.', 999, '2022-01-16 10:56:44', '2022-01-16 10:56:44'),
(198, 40, 'Accusamus omnis eveniet odio vel.', 999, '2022-01-16 10:56:44', '2022-01-16 10:56:44'),
(199, 40, 'Aliquam recusandae autem temporibus natus alias culpa.', 999, '2022-01-16 10:56:44', '2022-01-16 10:56:44'),
(200, 40, 'Cumque quia reprehenderit dicta et neque autem.', 999, '2022-01-16 10:56:44', '2022-01-16 10:56:44'),
(201, 41, 'Et dicta et fugit maiores reprehenderit tenetur fugiat sequi.', 999, '2022-01-16 10:56:44', '2022-01-16 10:56:44'),
(202, 41, 'Magni ipsa eaque molestias amet sit.', 999, '2022-01-16 10:56:44', '2022-01-16 10:56:44'),
(203, 41, 'Culpa blanditiis temporibus nisi rerum aut aut.', 999, '2022-01-16 10:56:44', '2022-01-16 10:56:44'),
(204, 41, 'Alias officia fugit est distinctio earum.', 999, '2022-01-16 10:56:44', '2022-01-16 10:56:44'),
(205, 41, 'Tempora et incidunt fuga aut.', 999, '2022-01-16 10:56:44', '2022-01-16 10:56:44'),
(206, 42, 'Nihil corporis est dolore nulla aut.', 999, '2022-01-16 10:56:44', '2022-01-16 10:56:44'),
(207, 42, 'Eum esse possimus quae occaecati soluta doloribus.', 999, '2022-01-16 10:56:44', '2022-01-16 10:56:44'),
(208, 42, 'Culpa et nisi enim sapiente nobis.', 999, '2022-01-16 10:56:44', '2022-01-16 10:56:44'),
(209, 42, 'Non corrupti est vel.', 999, '2022-01-16 10:56:44', '2022-01-16 10:56:44'),
(210, 42, 'Ut et aut tempore molestias consequuntur consequatur tempore.', 999, '2022-01-16 10:56:44', '2022-01-16 10:56:44'),
(211, 43, 'Ipsum labore ut consequatur voluptates enim est.', 999, '2022-01-16 10:56:44', '2022-01-16 10:56:44'),
(212, 43, 'Ut repudiandae possimus nihil id qui.', 999, '2022-01-16 10:56:44', '2022-01-16 10:56:44'),
(213, 43, 'Voluptatem dolorem voluptatem aut aliquid quod in tempora voluptas.', 999, '2022-01-16 10:56:44', '2022-01-16 10:56:44'),
(214, 43, 'Dolore qui et eos inventore eum eligendi eum.', 999, '2022-01-16 10:56:44', '2022-01-16 10:56:44'),
(215, 43, 'Enim eos illo fuga odio totam.', 999, '2022-01-16 10:56:44', '2022-01-16 10:56:44'),
(216, 44, 'Reprehenderit eius dolores consequuntur voluptates ex.', 999, '2022-01-16 10:56:44', '2022-01-16 10:56:44'),
(217, 44, 'Error et nulla et dolorum libero iusto.', 999, '2022-01-16 10:56:44', '2022-01-16 10:56:44'),
(218, 44, 'Eaque consectetur mollitia harum dicta qui.', 999, '2022-01-16 10:56:44', '2022-01-16 10:56:44'),
(219, 44, 'Beatae hic et deserunt maiores aut cum possimus.', 999, '2022-01-16 10:56:44', '2022-01-16 10:56:44'),
(220, 44, 'Voluptatem omnis recusandae repudiandae repudiandae.', 999, '2022-01-16 10:56:44', '2022-01-16 10:56:44'),
(221, 45, 'Provident placeat magnam et reiciendis explicabo ipsum tempora consequatur.', 999, '2022-01-16 10:56:44', '2022-01-16 10:56:44'),
(222, 45, 'Magni eum voluptates harum autem id harum impedit.', 999, '2022-01-16 10:56:44', '2022-01-16 10:56:44'),
(223, 45, 'Nulla nihil vel ducimus ipsum blanditiis.', 999, '2022-01-16 10:56:44', '2022-01-16 10:56:44'),
(224, 45, 'Modi quas adipisci fugiat quos odit.', 999, '2022-01-16 10:56:44', '2022-01-16 10:56:44'),
(225, 45, 'Laudantium laudantium magni est voluptatem minima accusamus facilis repellendus.', 999, '2022-01-16 10:56:44', '2022-01-16 10:56:44'),
(226, 46, 'Officia exercitationem quam corporis placeat nihil accusamus.', 999, '2022-01-16 10:56:44', '2022-01-16 10:56:44'),
(227, 46, 'Non suscipit earum est dolores facere quo ullam asperiores.', 999, '2022-01-16 10:56:44', '2022-01-16 10:56:44'),
(228, 46, 'Ipsa magni saepe omnis reiciendis necessitatibus maxime aliquid.', 999, '2022-01-16 10:56:44', '2022-01-16 10:56:44'),
(229, 46, 'Alias iste itaque vitae est et est.', 999, '2022-01-16 10:56:44', '2022-01-16 10:56:44'),
(230, 46, 'Qui maiores omnis quia eos est laboriosam.', 999, '2022-01-16 10:56:44', '2022-01-16 10:56:44'),
(231, 47, 'Asperiores maiores voluptas quae ut.', 999, '2022-01-16 10:56:44', '2022-01-16 10:56:44'),
(232, 47, 'Velit a maiores sed quaerat esse.', 999, '2022-01-16 10:56:44', '2022-01-16 10:56:44'),
(233, 47, 'Enim architecto et sunt adipisci dolorem nihil ullam.', 999, '2022-01-16 10:56:44', '2022-01-16 10:56:44'),
(234, 47, 'Qui excepturi est occaecati adipisci autem quia pariatur.', 999, '2022-01-16 10:56:44', '2022-01-16 10:56:44'),
(235, 47, 'Officiis et similique nobis nisi autem pariatur necessitatibus omnis.', 999, '2022-01-16 10:56:44', '2022-01-16 10:56:44'),
(236, 48, 'Praesentium quasi accusantium aspernatur ut nemo quas.', 999, '2022-01-16 10:56:44', '2022-01-16 10:56:44'),
(237, 48, 'Et tenetur in perspiciatis.', 999, '2022-01-16 10:56:44', '2022-01-16 10:56:44'),
(238, 48, 'Facilis quis enim et aspernatur amet.', 999, '2022-01-16 10:56:44', '2022-01-16 10:56:44'),
(239, 48, 'Sint tempora voluptatem dolorem animi.', 999, '2022-01-16 10:56:44', '2022-01-16 10:56:44'),
(240, 48, 'Impedit doloribus accusantium placeat aut praesentium est dolor.', 999, '2022-01-16 10:56:44', '2022-01-16 10:56:44'),
(241, 49, 'Cum voluptas placeat aut in fugit esse cupiditate.', 999, '2022-01-16 10:56:44', '2022-01-16 10:56:44'),
(242, 49, 'Quia possimus eos esse illum ipsa quo alias.', 999, '2022-01-16 10:56:44', '2022-01-16 10:56:44'),
(243, 49, 'Sunt cumque nobis aut error et rerum sit voluptate.', 999, '2022-01-16 10:56:44', '2022-01-16 10:56:44'),
(244, 49, 'Vel molestiae hic ipsam ipsa tempore rerum.', 999, '2022-01-16 10:56:44', '2022-01-16 10:56:44'),
(245, 49, 'Nam ipsa amet ad maxime quas maiores occaecati.', 999, '2022-01-16 10:56:44', '2022-01-16 10:56:44'),
(246, 50, 'Occaecati fugiat et optio quas quia accusamus aut sed.', 999, '2022-01-16 10:56:44', '2022-01-16 10:56:44'),
(247, 50, 'Sit est possimus eligendi tempore qui officiis non.', 999, '2022-01-16 10:56:44', '2022-01-16 10:56:44'),
(248, 50, 'Debitis itaque et sed dolore dignissimos ad.', 999, '2022-01-16 10:56:44', '2022-01-16 10:56:44'),
(249, 50, 'Nesciunt voluptates eius ut.', 999, '2022-01-16 10:56:44', '2022-01-16 10:56:44'),
(250, 50, 'Accusantium consequuntur occaecati eligendi quia rerum vero dolore.', 999, '2022-01-16 10:56:44', '2022-01-16 10:56:44'),
(251, 51, 'Consequuntur qui fuga ut qui blanditiis illo.', 999, '2022-01-16 10:56:44', '2022-01-16 10:56:44'),
(252, 51, 'Dolores libero dolor id est mollitia nam.', 999, '2022-01-16 10:56:44', '2022-01-16 10:56:44'),
(253, 51, 'Repudiandae commodi perspiciatis quod provident a dolorem et sed.', 999, '2022-01-16 10:56:44', '2022-01-16 10:56:44'),
(254, 51, 'Eaque voluptatem sit qui accusamus esse atque quo quisquam.', 999, '2022-01-16 10:56:44', '2022-01-16 10:56:44'),
(255, 51, 'Voluptas impedit aliquid possimus debitis.', 999, '2022-01-16 10:56:44', '2022-01-16 10:56:44'),
(256, 52, 'Voluptas ipsa facilis vel consequuntur excepturi omnis deserunt quae.', 999, '2022-01-16 10:56:44', '2022-01-16 10:56:44'),
(257, 52, 'Dolorum a ut minima.', 999, '2022-01-16 10:56:44', '2022-01-16 10:56:44'),
(258, 52, 'Reprehenderit eum adipisci nostrum qui incidunt est earum.', 999, '2022-01-16 10:56:44', '2022-01-16 10:56:44'),
(259, 52, 'Dolorum corporis sint impedit nemo dolorum.', 999, '2022-01-16 10:56:44', '2022-01-16 10:56:44'),
(260, 52, 'Debitis qui consequatur dolore nisi sunt.', 999, '2022-01-16 10:56:44', '2022-01-16 10:56:44'),
(261, 53, 'Vitae est in suscipit exercitationem facere accusantium.', 999, '2022-01-16 10:56:44', '2022-01-16 10:56:44'),
(262, 53, 'Iste voluptatem et eum totam dolores.', 999, '2022-01-16 10:56:44', '2022-01-16 10:56:44'),
(263, 53, 'Tempore iste inventore laboriosam veniam nobis similique.', 999, '2022-01-16 10:56:44', '2022-01-16 10:56:44'),
(264, 53, 'At nostrum quasi eum tenetur omnis.', 999, '2022-01-16 10:56:44', '2022-01-16 10:56:44'),
(265, 53, 'Illo quo quae beatae commodi nemo aliquam.', 999, '2022-01-16 10:56:44', '2022-01-16 10:56:44'),
(266, 54, 'Corporis nobis et aut sed et.', 999, '2022-01-16 10:56:44', '2022-01-16 10:56:44'),
(267, 54, 'Et reprehenderit quo laboriosam occaecati.', 999, '2022-01-16 10:56:44', '2022-01-16 10:56:44'),
(268, 54, 'Eaque veritatis veniam non accusamus nam numquam enim dolore.', 999, '2022-01-16 10:56:45', '2022-01-16 10:56:45'),
(269, 54, 'Sit accusantium totam enim.', 999, '2022-01-16 10:56:45', '2022-01-16 10:56:45'),
(270, 54, 'Dolore officia culpa magnam provident maxime aperiam temporibus.', 999, '2022-01-16 10:56:45', '2022-01-16 10:56:45'),
(271, 55, 'Unde voluptas nemo repellat laborum.', 999, '2022-01-16 10:56:45', '2022-01-16 10:56:45'),
(272, 55, 'Quas porro ducimus deleniti.', 999, '2022-01-16 10:56:45', '2022-01-16 10:56:45'),
(273, 55, 'Enim sit culpa aliquid repudiandae.', 999, '2022-01-16 10:56:45', '2022-01-16 10:56:45'),
(274, 55, 'Consequatur cupiditate laudantium dolorem est ut.', 999, '2022-01-16 10:56:45', '2022-01-16 10:56:45'),
(275, 55, 'Et tenetur possimus nostrum et provident eos.', 999, '2022-01-16 10:56:45', '2022-01-16 10:56:45'),
(276, 56, 'Est earum non nesciunt sit est assumenda facere.', 999, '2022-01-16 10:56:45', '2022-01-16 10:56:45'),
(277, 56, 'Possimus iste rerum omnis cumque nam ullam.', 999, '2022-01-16 10:56:45', '2022-01-16 10:56:45'),
(278, 56, 'Illo ab vel corrupti nostrum id sed sit.', 999, '2022-01-16 10:56:45', '2022-01-16 10:56:45'),
(279, 56, 'Incidunt amet qui at quod architecto.', 999, '2022-01-16 10:56:45', '2022-01-16 10:56:45'),
(280, 56, 'Et perferendis eum aut tempora non aut non.', 999, '2022-01-16 10:56:45', '2022-01-16 10:56:45'),
(281, 57, 'Repellendus necessitatibus ipsa non repellat iure.', 999, '2022-01-16 10:56:45', '2022-01-16 10:56:45'),
(282, 57, 'Omnis nihil omnis omnis.', 999, '2022-01-16 10:56:45', '2022-01-16 10:56:45'),
(283, 57, 'At necessitatibus ut est et id qui mollitia.', 999, '2022-01-16 10:56:45', '2022-01-16 10:56:45'),
(284, 57, 'Harum neque dolores debitis.', 999, '2022-01-16 10:56:45', '2022-01-16 10:56:45'),
(285, 57, 'Vel nihil est quia officia harum dolor rerum itaque.', 999, '2022-01-16 10:56:45', '2022-01-16 10:56:45'),
(286, 58, 'Sequi deleniti vel et repellendus.', 999, '2022-01-16 10:56:45', '2022-01-16 10:56:45'),
(287, 58, 'Provident dolore id rerum quis.', 999, '2022-01-16 10:56:45', '2022-01-16 10:56:45'),
(288, 58, 'Nesciunt adipisci ullam praesentium et et.', 999, '2022-01-16 10:56:45', '2022-01-16 10:56:45'),
(289, 58, 'Ut sapiente consectetur iusto sed totam quas autem.', 999, '2022-01-16 10:56:45', '2022-01-16 10:56:45'),
(290, 58, 'Eius quaerat doloremque labore quaerat inventore reprehenderit.', 999, '2022-01-16 10:56:45', '2022-01-16 10:56:45'),
(291, 59, 'Sed dignissimos reiciendis eligendi voluptatem dolores.', 999, '2022-01-16 10:56:45', '2022-01-16 10:56:45'),
(292, 59, 'Sit molestiae sit architecto asperiores explicabo consectetur est.', 999, '2022-01-16 10:56:45', '2022-01-16 10:56:45'),
(293, 59, 'Harum accusantium nesciunt maxime non in.', 999, '2022-01-16 10:56:45', '2022-01-16 10:56:45'),
(294, 59, 'Quod aut ut alias ea voluptatum quis rerum aut.', 999, '2022-01-16 10:56:45', '2022-01-16 10:56:45'),
(295, 59, 'Voluptatum quia minima reprehenderit optio dolores explicabo voluptas.', 999, '2022-01-16 10:56:45', '2022-01-16 10:56:45'),
(296, 60, 'Ut tempora tempore dolores.', 999, '2022-01-16 10:56:45', '2022-01-16 10:56:45'),
(297, 60, 'Possimus ducimus repellendus nam atque laudantium consequuntur.', 999, '2022-01-16 10:56:45', '2022-01-16 10:56:45'),
(298, 60, 'Aut voluptates earum sequi minus.', 999, '2022-01-16 10:56:45', '2022-01-16 10:56:45'),
(299, 60, 'Animi facilis nemo sequi ea neque qui ut.', 999, '2022-01-16 10:56:45', '2022-01-16 10:56:45'),
(300, 60, 'Ut facere recusandae id qui.', 999, '2022-01-16 10:56:45', '2022-01-16 10:56:45'),
(301, 61, 'Ut facilis iure qui aut facere.', 999, '2022-01-16 10:56:45', '2022-01-16 10:56:45'),
(302, 61, 'Rerum ex debitis sed distinctio nihil.', 999, '2022-01-16 10:56:45', '2022-01-16 10:56:45'),
(303, 61, 'Veniam qui pariatur est omnis similique eligendi ex rerum.', 999, '2022-01-16 10:56:45', '2022-01-16 10:56:45'),
(304, 61, 'Officiis rerum culpa sint ratione.', 999, '2022-01-16 10:56:45', '2022-01-16 10:56:45'),
(305, 61, 'Occaecati sit nostrum libero et.', 999, '2022-01-16 10:56:45', '2022-01-16 10:56:45'),
(306, 62, 'Aut et quo deserunt quidem est nisi esse.', 999, '2022-01-16 10:56:45', '2022-01-16 10:56:45'),
(307, 62, 'Ratione veritatis voluptatem in nesciunt nam voluptatum debitis.', 999, '2022-01-16 10:56:45', '2022-01-16 10:56:45'),
(308, 62, 'Dolorem accusantium quidem molestiae quisquam.', 999, '2022-01-16 10:56:45', '2022-01-16 10:56:45'),
(309, 62, 'Ut sed quia adipisci ut quis temporibus reiciendis quia.', 999, '2022-01-16 10:56:45', '2022-01-16 10:56:45'),
(310, 62, 'Autem vero nam qui similique et.', 999, '2022-01-16 10:56:45', '2022-01-16 10:56:45'),
(311, 63, 'Natus assumenda aut quaerat aut fuga voluptates.', 999, '2022-01-16 10:56:45', '2022-01-16 10:56:45'),
(312, 63, 'Non eligendi ad expedita necessitatibus consectetur.', 999, '2022-01-16 10:56:45', '2022-01-16 10:56:45'),
(313, 63, 'Vero explicabo tempora quod iste.', 999, '2022-01-16 10:56:45', '2022-01-16 10:56:45'),
(314, 63, 'Veniam facilis atque dicta dignissimos eaque nemo doloribus quibusdam.', 999, '2022-01-16 10:56:45', '2022-01-16 10:56:45'),
(315, 63, 'Blanditiis et totam perspiciatis.', 999, '2022-01-16 10:56:45', '2022-01-16 10:56:45'),
(316, 64, 'Maiores ipsam sunt iure nihil omnis quibusdam doloribus dignissimos.', 999, '2022-01-16 10:56:45', '2022-01-16 10:56:45'),
(317, 64, 'Dignissimos corrupti architecto pariatur aut.', 999, '2022-01-16 10:56:45', '2022-01-16 10:56:45'),
(318, 64, 'Quia vel saepe aliquid sint nostrum aut voluptas error.', 999, '2022-01-16 10:56:45', '2022-01-16 10:56:45'),
(319, 64, 'Adipisci officiis rem in aliquam reprehenderit non.', 999, '2022-01-16 10:56:45', '2022-01-16 10:56:45'),
(320, 64, 'Fugit doloribus rerum aut.', 999, '2022-01-16 10:56:45', '2022-01-16 10:56:45'),
(321, 65, 'Aut dolores vitae laborum ad impedit in non.', 999, '2022-01-16 10:56:45', '2022-01-16 10:56:45'),
(322, 65, 'Nihil explicabo veritatis praesentium.', 999, '2022-01-16 10:56:45', '2022-01-16 10:56:45'),
(323, 65, 'Facilis vel quidem veniam cum aspernatur aut.', 999, '2022-01-16 10:56:45', '2022-01-16 10:56:45'),
(324, 65, 'Eligendi voluptatibus dolorem nostrum est.', 999, '2022-01-16 10:56:45', '2022-01-16 10:56:45'),
(325, 65, 'Quos doloremque ipsum voluptatum molestias et aut.', 999, '2022-01-16 10:56:45', '2022-01-16 10:56:45'),
(326, 66, 'Libero maiores eius ab voluptas.', 999, '2022-01-16 10:56:45', '2022-01-16 10:56:45'),
(327, 66, 'Sed aut minus voluptatem et unde optio ducimus.', 999, '2022-01-16 10:56:45', '2022-01-16 10:56:45'),
(328, 66, 'Vel recusandae ullam fugit est inventore.', 999, '2022-01-16 10:56:45', '2022-01-16 10:56:45'),
(329, 66, 'Aut consequuntur natus numquam magnam explicabo.', 999, '2022-01-16 10:56:45', '2022-01-16 10:56:45'),
(330, 66, 'Atque enim maxime nobis blanditiis voluptatum distinctio.', 999, '2022-01-16 10:56:45', '2022-01-16 10:56:45'),
(331, 67, 'Tempora quod cum iusto.', 999, '2022-01-16 10:56:45', '2022-01-16 10:56:45'),
(332, 67, 'Nostrum culpa labore aut asperiores mollitia aut qui iste.', 999, '2022-01-16 10:56:45', '2022-01-16 10:56:45'),
(333, 67, 'Dicta aspernatur modi sit aut.', 999, '2022-01-16 10:56:45', '2022-01-16 10:56:45'),
(334, 67, 'Tempore quam cumque earum molestiae fugiat cumque sed doloremque.', 999, '2022-01-16 10:56:45', '2022-01-16 10:56:45'),
(335, 67, 'Et ut voluptatem quidem repellendus quod esse sapiente.', 999, '2022-01-16 10:56:45', '2022-01-16 10:56:45'),
(336, 68, 'Ex velit nihil ratione repellendus asperiores reprehenderit aperiam nemo.', 999, '2022-01-16 10:56:45', '2022-01-16 10:56:45'),
(337, 68, 'Quod aliquam consequatur nobis debitis.', 999, '2022-01-16 10:56:45', '2022-01-16 10:56:45'),
(338, 68, 'Perferendis iusto vel est.', 999, '2022-01-16 10:56:45', '2022-01-16 10:56:45'),
(339, 68, 'Quia occaecati quis voluptatum perferendis.', 999, '2022-01-16 10:56:45', '2022-01-16 10:56:45'),
(340, 68, 'Qui doloribus minus quam dolores et omnis.', 999, '2022-01-16 10:56:45', '2022-01-16 10:56:45'),
(341, 69, 'In atque optio incidunt odio.', 999, '2022-01-16 10:56:45', '2022-01-16 10:56:45'),
(342, 69, 'Velit culpa saepe harum autem odit.', 999, '2022-01-16 10:56:45', '2022-01-16 10:56:45'),
(343, 69, 'Qui molestias aliquam dolorem perspiciatis aliquid.', 999, '2022-01-16 10:56:45', '2022-01-16 10:56:45'),
(344, 69, 'Tempora nesciunt explicabo sed beatae qui rerum est.', 999, '2022-01-16 10:56:45', '2022-01-16 10:56:45'),
(345, 69, 'Iure quasi ab et molestiae libero tenetur.', 999, '2022-01-16 10:56:45', '2022-01-16 10:56:45'),
(346, 70, 'Aut dolore aut excepturi deleniti amet eaque incidunt recusandae.', 999, '2022-01-16 10:56:45', '2022-01-16 10:56:45'),
(347, 70, 'Eos sunt est mollitia inventore.', 999, '2022-01-16 10:56:45', '2022-01-16 10:56:45'),
(348, 70, 'Totam et quis doloremque culpa est dolores.', 999, '2022-01-16 10:56:45', '2022-01-16 10:56:45'),
(349, 70, 'Quod rerum quas et natus blanditiis sunt qui.', 999, '2022-01-16 10:56:45', '2022-01-16 10:56:45'),
(350, 70, 'Tempora laborum aut cupiditate quo ut quibusdam et.', 999, '2022-01-16 10:56:45', '2022-01-16 10:56:45'),
(351, 71, 'Perspiciatis suscipit recusandae ad perspiciatis ea autem laboriosam.', 999, '2022-01-16 10:56:45', '2022-01-16 10:56:45'),
(352, 71, 'Quod ipsum nam voluptatem eum est magni.', 999, '2022-01-16 10:56:45', '2022-01-16 10:56:45'),
(353, 71, 'Est hic dolore et necessitatibus sed doloremque pariatur et.', 999, '2022-01-16 10:56:45', '2022-01-16 10:56:45'),
(354, 71, 'Laborum quibusdam voluptas ut quo id a quis.', 999, '2022-01-16 10:56:45', '2022-01-16 10:56:45'),
(355, 71, 'Ut fuga expedita impedit totam delectus error magnam excepturi.', 999, '2022-01-16 10:56:45', '2022-01-16 10:56:45'),
(356, 72, 'Eum veritatis mollitia inventore aut non neque neque exercitationem.', 999, '2022-01-16 10:56:45', '2022-01-16 10:56:45'),
(357, 72, 'Natus cum sed et magnam harum.', 999, '2022-01-16 10:56:45', '2022-01-16 10:56:45'),
(358, 72, 'Quia quo esse error numquam.', 999, '2022-01-16 10:56:45', '2022-01-16 10:56:45'),
(359, 72, 'Eos esse sequi laboriosam provident quos et eligendi.', 999, '2022-01-16 10:56:45', '2022-01-16 10:56:45'),
(360, 72, 'Vero officia consequatur nesciunt dolore distinctio est.', 999, '2022-01-16 10:56:45', '2022-01-16 10:56:45'),
(361, 73, 'Et neque aut amet quaerat dicta animi sed ex.', 999, '2022-01-16 10:56:45', '2022-01-16 10:56:45'),
(362, 73, 'Vitae natus cupiditate molestiae unde dolorem corrupti.', 999, '2022-01-16 10:56:45', '2022-01-16 10:56:45'),
(363, 73, 'Quia tempore molestiae fugit iure.', 999, '2022-01-16 10:56:45', '2022-01-16 10:56:45'),
(364, 73, 'Rerum iste tenetur ipsa impedit.', 999, '2022-01-16 10:56:45', '2022-01-16 10:56:45'),
(365, 73, 'Magnam sit voluptatem aut id dolor ut.', 999, '2022-01-16 10:56:45', '2022-01-16 10:56:45'),
(366, 74, 'Laudantium sapiente explicabo quasi aut officiis sed.', 999, '2022-01-16 10:56:45', '2022-01-16 10:56:45'),
(367, 74, 'Rem illum dolorum necessitatibus quia a excepturi et.', 999, '2022-01-16 10:56:45', '2022-01-16 10:56:45'),
(368, 74, 'Error quia nam magnam veritatis consequatur non.', 999, '2022-01-16 10:56:45', '2022-01-16 10:56:45'),
(369, 74, 'Odit cum quasi aspernatur quibusdam reprehenderit temporibus dolor.', 999, '2022-01-16 10:56:45', '2022-01-16 10:56:45'),
(370, 74, 'Earum libero provident placeat reprehenderit est omnis aut.', 999, '2022-01-16 10:56:45', '2022-01-16 10:56:45'),
(371, 75, 'Nemo reiciendis cum asperiores.', 999, '2022-01-16 10:56:45', '2022-01-16 10:56:45'),
(372, 75, 'Repudiandae soluta qui cupiditate cumque.', 999, '2022-01-16 10:56:45', '2022-01-16 10:56:45'),
(373, 75, 'Dolor autem et esse labore voluptatem quas.', 999, '2022-01-16 10:56:45', '2022-01-16 10:56:45'),
(374, 75, 'Culpa quia sequi laboriosam qui id animi.', 999, '2022-01-16 10:56:45', '2022-01-16 10:56:45'),
(375, 75, 'Ducimus sapiente sunt ut delectus commodi delectus.', 999, '2022-01-16 10:56:45', '2022-01-16 10:56:45'),
(376, 76, 'Debitis ducimus sit ipsam aspernatur.', 999, '2022-01-16 10:56:45', '2022-01-16 10:56:45'),
(377, 76, 'Eaque blanditiis dolorem possimus itaque quisquam commodi.', 999, '2022-01-16 10:56:45', '2022-01-16 10:56:45'),
(378, 76, 'Ullam quia aut voluptatem doloremque et eaque nesciunt nemo.', 999, '2022-01-16 10:56:45', '2022-01-16 10:56:45'),
(379, 76, 'Possimus incidunt quibusdam non aperiam repudiandae tempore nostrum.', 999, '2022-01-16 10:56:45', '2022-01-16 10:56:45'),
(380, 76, 'Provident doloremque ipsum quia hic.', 999, '2022-01-16 10:56:45', '2022-01-16 10:56:45'),
(381, 77, 'Placeat libero id cum autem.', 999, '2022-01-16 10:56:45', '2022-01-16 10:56:45'),
(382, 77, 'Nostrum est atque magnam rerum est.', 999, '2022-01-16 10:56:45', '2022-01-16 10:56:45'),
(383, 77, 'Temporibus voluptates sit dolores tenetur iure culpa animi.', 999, '2022-01-16 10:56:45', '2022-01-16 10:56:45'),
(384, 77, 'Voluptatem magnam animi molestiae debitis.', 999, '2022-01-16 10:56:45', '2022-01-16 10:56:45'),
(385, 77, 'Vero doloribus est est dolor debitis.', 999, '2022-01-16 10:56:45', '2022-01-16 10:56:45'),
(386, 78, 'Assumenda accusamus ut et.', 999, '2022-01-16 10:56:45', '2022-01-16 10:56:45'),
(387, 78, 'Quasi rem sit consequatur.', 999, '2022-01-16 10:56:45', '2022-01-16 10:56:45'),
(388, 78, 'Sit praesentium rerum nobis quis et dolores at.', 999, '2022-01-16 10:56:45', '2022-01-16 10:56:45'),
(389, 78, 'Assumenda ea architecto vitae optio voluptate ullam.', 999, '2022-01-16 10:56:45', '2022-01-16 10:56:45'),
(390, 78, 'Sapiente est ut velit officia.', 999, '2022-01-16 10:56:45', '2022-01-16 10:56:45'),
(391, 79, 'Odit dicta et ullam deleniti nemo.', 999, '2022-01-16 10:56:45', '2022-01-16 10:56:45'),
(392, 79, 'Consequatur necessitatibus aut harum consequatur voluptatem corporis est quo.', 999, '2022-01-16 10:56:45', '2022-01-16 10:56:45'),
(393, 79, 'Nesciunt maxime optio ab excepturi qui.', 999, '2022-01-16 10:56:45', '2022-01-16 10:56:45'),
(394, 79, 'Sed sed suscipit aspernatur repellendus sapiente quis consequatur dolore.', 999, '2022-01-16 10:56:45', '2022-01-16 10:56:45'),
(395, 79, 'Nesciunt aliquam id impedit nobis veniam ullam unde.', 999, '2022-01-16 10:56:45', '2022-01-16 10:56:45'),
(396, 80, 'Molestiae nisi voluptates quos.', 999, '2022-01-16 10:56:45', '2022-01-16 10:56:45'),
(397, 80, 'Ad velit adipisci est provident eveniet.', 999, '2022-01-16 10:56:45', '2022-01-16 10:56:45'),
(398, 80, 'Quia aperiam commodi recusandae.', 999, '2022-01-16 10:56:45', '2022-01-16 10:56:45'),
(399, 80, 'Voluptatem at est molestiae assumenda.', 999, '2022-01-16 10:56:45', '2022-01-16 10:56:45'),
(400, 80, 'Aspernatur aliquam facere ea fugiat.', 999, '2022-01-16 10:56:45', '2022-01-16 10:56:45'),
(401, 81, 'Commodi aliquam pariatur sint earum.', 999, '2022-01-16 10:56:45', '2022-01-16 10:56:45'),
(402, 81, 'Sint qui facere in dignissimos aliquam totam nobis.', 999, '2022-01-16 10:56:45', '2022-01-16 10:56:45'),
(403, 81, 'Commodi quibusdam qui et animi voluptatem saepe.', 999, '2022-01-16 10:56:45', '2022-01-16 10:56:45'),
(404, 81, 'Labore voluptatem laudantium velit.', 999, '2022-01-16 10:56:45', '2022-01-16 10:56:45'),
(405, 81, 'Veniam id nihil culpa doloremque cupiditate cum.', 999, '2022-01-16 10:56:45', '2022-01-16 10:56:45'),
(406, 82, 'Occaecati ducimus quasi dolores delectus dolorem ut quia.', 999, '2022-01-16 10:56:45', '2022-01-16 10:56:45'),
(407, 82, 'Omnis quam cum nisi consequatur velit illo.', 999, '2022-01-16 10:56:45', '2022-01-16 10:56:45'),
(408, 82, 'Sed et eum doloribus ratione tempore sint.', 999, '2022-01-16 10:56:45', '2022-01-16 10:56:45'),
(409, 82, 'Deleniti aspernatur ex et aperiam quia velit.', 999, '2022-01-16 10:56:45', '2022-01-16 10:56:45'),
(410, 82, 'Aut minus non ducimus qui impedit perspiciatis omnis.', 999, '2022-01-16 10:56:45', '2022-01-16 10:56:45'),
(411, 83, 'Fugit consequuntur blanditiis ab ut omnis dolore.', 999, '2022-01-16 10:56:45', '2022-01-16 10:56:45'),
(412, 83, 'Voluptas perspiciatis odit voluptate.', 999, '2022-01-16 10:56:45', '2022-01-16 10:56:45'),
(413, 83, 'Velit modi rerum maxime et quo.', 999, '2022-01-16 10:56:45', '2022-01-16 10:56:45'),
(414, 83, 'Enim voluptatibus delectus repellendus.', 999, '2022-01-16 10:56:45', '2022-01-16 10:56:45'),
(415, 83, 'Maiores repellat accusantium porro sequi suscipit.', 999, '2022-01-16 10:56:45', '2022-01-16 10:56:45'),
(416, 84, 'Ex voluptas cumque aut sed blanditiis totam quia.', 999, '2022-01-16 10:56:45', '2022-01-16 10:56:45'),
(417, 84, 'Corrupti qui voluptas fugit delectus.', 999, '2022-01-16 10:56:45', '2022-01-16 10:56:45'),
(418, 84, 'Recusandae vel porro soluta tempore dolor error exercitationem.', 999, '2022-01-16 10:56:45', '2022-01-16 10:56:45'),
(419, 84, 'Fugit vitae perspiciatis minus veniam consectetur.', 999, '2022-01-16 10:56:45', '2022-01-16 10:56:45'),
(420, 84, 'Adipisci incidunt aut dolores ea.', 999, '2022-01-16 10:56:45', '2022-01-16 10:56:45'),
(421, 85, 'Quis consequatur quia quo architecto consequatur qui.', 999, '2022-01-16 10:56:45', '2022-01-16 10:56:45'),
(422, 85, 'Hic sunt dolores et consequatur qui dolore est facere.', 999, '2022-01-16 10:56:45', '2022-01-16 10:56:45'),
(423, 85, 'Consequuntur temporibus rerum aut rerum qui ipsam aut.', 999, '2022-01-16 10:56:45', '2022-01-16 10:56:45'),
(424, 85, 'Nemo natus odio placeat et laborum saepe molestiae.', 999, '2022-01-16 10:56:45', '2022-01-16 10:56:45'),
(425, 85, 'Voluptas autem labore dolores dignissimos voluptate voluptatum.', 999, '2022-01-16 10:56:45', '2022-01-16 10:56:45'),
(426, 86, 'Culpa officia possimus cum ab autem.', 999, '2022-01-16 10:56:45', '2022-01-16 10:56:45'),
(427, 86, 'Similique exercitationem et voluptatibus.', 999, '2022-01-16 10:56:45', '2022-01-16 10:56:45'),
(428, 86, 'Ullam qui sunt beatae quia sit at.', 999, '2022-01-16 10:56:45', '2022-01-16 10:56:45'),
(429, 86, 'Sint et ea aspernatur qui ullam exercitationem ut.', 999, '2022-01-16 10:56:45', '2022-01-16 10:56:45'),
(430, 86, 'Alias ea et saepe id qui minima expedita.', 999, '2022-01-16 10:56:45', '2022-01-16 10:56:45'),
(431, 87, 'Quia ex nemo mollitia vero.', 999, '2022-01-16 10:56:45', '2022-01-16 10:56:45'),
(432, 87, 'Doloremque aliquam voluptatem veniam corrupti et molestiae consequatur.', 999, '2022-01-16 10:56:45', '2022-01-16 10:56:45'),
(433, 87, 'Fugit ipsam temporibus vel ducimus omnis.', 999, '2022-01-16 10:56:45', '2022-01-16 10:56:45'),
(434, 87, 'Nulla non ut dolorem quos.', 999, '2022-01-16 10:56:45', '2022-01-16 10:56:45'),
(435, 87, 'Nostrum porro molestias temporibus recusandae assumenda est blanditiis.', 999, '2022-01-16 10:56:45', '2022-01-16 10:56:45'),
(436, 88, 'Aut eum doloremque iure qui doloremque.', 999, '2022-01-16 10:56:45', '2022-01-16 10:56:45'),
(437, 88, 'Et dignissimos magnam consequatur a.', 999, '2022-01-16 10:56:45', '2022-01-16 10:56:45'),
(438, 88, 'Id eveniet tenetur et necessitatibus sint rerum.', 999, '2022-01-16 10:56:45', '2022-01-16 10:56:45'),
(439, 88, 'Impedit aut laborum incidunt id magnam.', 999, '2022-01-16 10:56:45', '2022-01-16 10:56:45'),
(440, 88, 'Modi omnis ea quaerat molestias.', 999, '2022-01-16 10:56:45', '2022-01-16 10:56:45'),
(441, 89, 'Est blanditiis id sit necessitatibus iste.', 999, '2022-01-16 10:56:45', '2022-01-16 10:56:45'),
(442, 89, 'Et autem distinctio architecto.', 999, '2022-01-16 10:56:45', '2022-01-16 10:56:45'),
(443, 89, 'Aut cum necessitatibus et explicabo et vel.', 999, '2022-01-16 10:56:45', '2022-01-16 10:56:45'),
(444, 89, 'Nemo a sapiente fuga vel reiciendis quia ad accusamus.', 999, '2022-01-16 10:56:45', '2022-01-16 10:56:45'),
(445, 89, 'Ut necessitatibus architecto iste quibusdam.', 999, '2022-01-16 10:56:46', '2022-01-16 10:56:46'),
(446, 90, 'Sit non tempore aut unde est molestias eos.', 999, '2022-01-16 10:56:46', '2022-01-16 10:56:46'),
(447, 90, 'Repellendus consequuntur dolor repellendus.', 999, '2022-01-16 10:56:46', '2022-01-16 10:56:46'),
(448, 90, 'Eum ut sapiente sapiente nisi est perspiciatis.', 999, '2022-01-16 10:56:46', '2022-01-16 10:56:46'),
(449, 90, 'Odio ab enim amet dolores eius rem et.', 999, '2022-01-16 10:56:46', '2022-01-16 10:56:46'),
(450, 90, 'Eos quibusdam qui repellat et sint.', 999, '2022-01-16 10:56:46', '2022-01-16 10:56:46'),
(451, 91, 'Accusamus velit nesciunt doloremque perferendis iure.', 999, '2022-01-16 10:56:46', '2022-01-16 10:56:46'),
(452, 91, 'Dolorum iste doloribus sed quibusdam dolorem.', 999, '2022-01-16 10:56:46', '2022-01-16 10:56:46'),
(453, 91, 'Maiores voluptatem laboriosam quam nihil temporibus optio.', 999, '2022-01-16 10:56:46', '2022-01-16 10:56:46'),
(454, 91, 'Quia eos veniam tenetur consequatur in.', 999, '2022-01-16 10:56:46', '2022-01-16 10:56:46'),
(455, 91, 'Magni est quasi dolorum aspernatur debitis.', 999, '2022-01-16 10:56:46', '2022-01-16 10:56:46'),
(456, 92, 'Quasi qui sunt doloremque accusantium.', 999, '2022-01-16 10:56:46', '2022-01-16 10:56:46'),
(457, 92, 'Ut nihil labore sit velit qui.', 999, '2022-01-16 10:56:46', '2022-01-16 10:56:46'),
(458, 92, 'Eveniet magnam officia earum inventore voluptate mollitia eum.', 999, '2022-01-16 10:56:46', '2022-01-16 10:56:46'),
(459, 92, 'Pariatur in ea aliquam voluptas ut sed autem.', 999, '2022-01-16 10:56:46', '2022-01-16 10:56:46'),
(460, 92, 'Maxime eum qui est molestias voluptas dolorem provident.', 999, '2022-01-16 10:56:46', '2022-01-16 10:56:46'),
(461, 93, 'Nobis sint placeat sequi soluta rerum harum.', 999, '2022-01-16 10:56:46', '2022-01-16 10:56:46'),
(462, 93, 'Labore nostrum nihil id ab repellendus accusamus.', 999, '2022-01-16 10:56:46', '2022-01-16 10:56:46'),
(463, 93, 'Quis repellendus est voluptates deserunt.', 999, '2022-01-16 10:56:46', '2022-01-16 10:56:46'),
(464, 93, 'Quia in earum expedita nemo illo culpa molestiae.', 999, '2022-01-16 10:56:46', '2022-01-16 10:56:46'),
(465, 93, 'Velit cumque in libero fuga vel.', 999, '2022-01-16 10:56:46', '2022-01-16 10:56:46'),
(466, 94, 'Sit debitis animi id soluta.', 999, '2022-01-16 10:56:46', '2022-01-16 10:56:46'),
(467, 94, 'Ducimus voluptates perferendis ipsam expedita.', 999, '2022-01-16 10:56:46', '2022-01-16 10:56:46'),
(468, 94, 'Voluptatum voluptatum quas dolor quo ut.', 999, '2022-01-16 10:56:46', '2022-01-16 10:56:46'),
(469, 94, 'Consequatur et aut dicta nihil fugit eaque amet animi.', 999, '2022-01-16 10:56:46', '2022-01-16 10:56:46'),
(470, 94, 'Nam nemo consequatur exercitationem quo.', 999, '2022-01-16 10:56:46', '2022-01-16 10:56:46'),
(471, 95, 'Ipsam suscipit maxime dolor beatae sit eius nostrum.', 999, '2022-01-16 10:56:46', '2022-01-16 10:56:46'),
(472, 95, 'Iusto reprehenderit est dolor eos sed.', 999, '2022-01-16 10:56:46', '2022-01-16 10:56:46'),
(473, 95, 'Quas maiores expedita eaque non dicta.', 999, '2022-01-16 10:56:46', '2022-01-16 10:56:46'),
(474, 95, 'Sit qui mollitia nostrum.', 999, '2022-01-16 10:56:46', '2022-01-16 10:56:46'),
(475, 95, 'In sunt asperiores fuga voluptates quae minima labore architecto.', 999, '2022-01-16 10:56:46', '2022-01-16 10:56:46'),
(476, 96, 'Alias consequatur minima magnam totam.', 999, '2022-01-16 10:56:46', '2022-01-16 10:56:46'),
(477, 96, 'Eaque ut eius architecto ut quisquam voluptatibus omnis.', 999, '2022-01-16 10:56:46', '2022-01-16 10:56:46'),
(478, 96, 'Veniam deserunt et perspiciatis repellat.', 999, '2022-01-16 10:56:46', '2022-01-16 10:56:46'),
(479, 96, 'Ad minus velit tempore eveniet consequatur laborum qui.', 999, '2022-01-16 10:56:46', '2022-01-16 10:56:46'),
(480, 96, 'Aut aut odio libero sunt.', 999, '2022-01-16 10:56:46', '2022-01-16 10:56:46'),
(481, 97, 'Vero doloremque aspernatur enim cumque ad qui.', 999, '2022-01-16 10:56:46', '2022-01-16 10:56:46'),
(482, 97, 'Mollitia deleniti pariatur aut laudantium.', 999, '2022-01-16 10:56:46', '2022-01-16 10:56:46'),
(483, 97, 'Quia adipisci quidem animi aperiam dicta.', 999, '2022-01-16 10:56:46', '2022-01-16 10:56:46'),
(484, 97, 'Eos ad sunt aliquam nisi.', 999, '2022-01-16 10:56:46', '2022-01-16 10:56:46'),
(485, 97, 'Sunt in est corrupti consequatur aut maxime.', 999, '2022-01-16 10:56:46', '2022-01-16 10:56:46'),
(486, 98, 'Recusandae labore consequuntur assumenda vero nesciunt.', 999, '2022-01-16 10:56:46', '2022-01-16 10:56:46'),
(487, 98, 'Perspiciatis iusto itaque tempora facere aut.', 999, '2022-01-16 10:56:46', '2022-01-16 10:56:46'),
(488, 98, 'Voluptatem autem quod nemo et consequatur aut in.', 999, '2022-01-16 10:56:46', '2022-01-16 10:56:46'),
(489, 98, 'Sint consequatur voluptate eius quisquam voluptate cupiditate quidem.', 999, '2022-01-16 10:56:46', '2022-01-16 10:56:46'),
(490, 98, 'Sunt et aut quae est ipsa odio illum aut.', 999, '2022-01-16 10:56:46', '2022-01-16 10:56:46'),
(491, 99, 'Accusantium tenetur velit quam ipsum.', 999, '2022-01-16 10:56:46', '2022-01-16 10:56:46'),
(492, 99, 'Deleniti id nemo pariatur optio quas facere perspiciatis repellat.', 999, '2022-01-16 10:56:46', '2022-01-16 10:56:46'),
(493, 99, 'Et doloremque sint soluta esse nulla adipisci explicabo.', 999, '2022-01-16 10:56:46', '2022-01-16 10:56:46'),
(494, 99, 'Dolor occaecati impedit fugiat inventore eos placeat.', 999, '2022-01-16 10:56:46', '2022-01-16 10:56:46'),
(495, 99, 'Eveniet qui sapiente suscipit libero.', 999, '2022-01-16 10:56:46', '2022-01-16 10:56:46'),
(496, 100, 'Quia amet impedit error fugiat commodi qui quia.', 999, '2022-01-16 10:56:46', '2022-01-16 10:56:46'),
(497, 100, 'Ad officiis aliquid maiores ducimus consequuntur rerum enim.', 999, '2022-01-16 10:56:46', '2022-01-16 10:56:46'),
(498, 100, 'Qui quasi quia occaecati eum nesciunt.', 999, '2022-01-16 10:56:46', '2022-01-16 10:56:46'),
(499, 100, 'Esse vel libero dolorum ea fugiat enim consequatur.', 999, '2022-01-16 10:56:46', '2022-01-16 10:56:46'),
(500, 100, 'Quis provident sequi rem quaerat earum deleniti.', 999, '2022-01-16 10:56:46', '2022-01-16 10:56:46');

-- END TABLE rooms

-- BEGIN TABLE users
DROP TABLE IF EXISTS users;
CREATE TABLE `users` (
  `id` bigint unsigned NOT NULL AUTO_INCREMENT,
  `name` varchar(255) COLLATE utf8mb4_unicode_ci NOT NULL,
  `email` varchar(255) COLLATE utf8mb4_unicode_ci NOT NULL,
  `email_verified_at` timestamp NULL DEFAULT NULL,
  `password` varchar(255) COLLATE utf8mb4_unicode_ci NOT NULL,
  `remember_token` varchar(100) COLLATE utf8mb4_unicode_ci DEFAULT NULL,
  `created_at` timestamp NULL DEFAULT NULL,
  `updated_at` timestamp NULL DEFAULT NULL,
  PRIMARY KEY (`id`),
  UNIQUE KEY `users_email_unique` (`email`)
) ENGINE=InnoDB AUTO_INCREMENT=11 DEFAULT CHARSET=utf8mb4 COLLATE=utf8mb4_unicode_ci;

-- Inserting 10 rows into users
-- Insert batch #1
INSERT INTO users (id, name, email, email_verified_at, password, remember_token, created_at, updated_at) VALUES
(1, 'Prof. Brendon Weissnat', 'alayna95@example.org', '2022-01-16 10:56:43', '$2y$10$92IXUNpkjO0rOQ5byMi.Ye4oKoEa3Ro9llC/.og/at2.uheWG/igi', 'DiObkxqzd9', '2022-01-16 10:56:43', '2022-01-16 10:56:43'),
(2, 'Jacey Osinski', 'hweissnat@example.net', '2022-01-16 10:56:43', '$2y$10$92IXUNpkjO0rOQ5byMi.Ye4oKoEa3Ro9llC/.og/at2.uheWG/igi', 'gWWsZcYFSp', '2022-01-16 10:56:43', '2022-01-16 10:56:43'),
(3, 'Reva Lakin', 'laurine64@example.net', '2022-01-16 10:56:43', '$2y$10$92IXUNpkjO0rOQ5byMi.Ye4oKoEa3Ro9llC/.og/at2.uheWG/igi', 'TiEudZytUN', '2022-01-16 10:56:43', '2022-01-16 10:56:43'),
(4, 'Mr. Oliver Terry', 'padberg.noemi@example.org', '2022-01-16 10:56:43', '$2y$10$92IXUNpkjO0rOQ5byMi.Ye4oKoEa3Ro9llC/.og/at2.uheWG/igi', 'kTJurxMwxK', '2022-01-16 10:56:43', '2022-01-16 10:56:43'),
(5, 'Shakira Lueilwitz', 'nathen65@example.net', '2022-01-16 10:56:43', '$2y$10$92IXUNpkjO0rOQ5byMi.Ye4oKoEa3Ro9llC/.og/at2.uheWG/igi', '0rUUuyMJ6y', '2022-01-16 10:56:43', '2022-01-16 10:56:43'),
(6, 'Guy Casper', 'lwilderman@example.net', '2022-01-16 10:56:43', '$2y$10$92IXUNpkjO0rOQ5byMi.Ye4oKoEa3Ro9llC/.og/at2.uheWG/igi', '0vNLndcl1o', '2022-01-16 10:56:43', '2022-01-16 10:56:43'),
(7, 'Adriana Quitzon', 'pansy61@example.org', '2022-01-16 10:56:43', '$2y$10$92IXUNpkjO0rOQ5byMi.Ye4oKoEa3Ro9llC/.og/at2.uheWG/igi', 'ST0RBupzvK', '2022-01-16 10:56:43', '2022-01-16 10:56:43'),
(8, 'Grayce Hilpert', 'chesley09@example.org', '2022-01-16 10:56:43', '$2y$10$92IXUNpkjO0rOQ5byMi.Ye4oKoEa3Ro9llC/.og/at2.uheWG/igi', 'iMf60ZLY4p', '2022-01-16 10:56:43', '2022-01-16 10:56:43'),
(9, 'Vicenta Abshire I', 'felix31@example.org', '2022-01-16 10:56:43', '$2y$10$92IXUNpkjO0rOQ5byMi.Ye4oKoEa3Ro9llC/.og/at2.uheWG/igi', 'kguynYndeh', '2022-01-16 10:56:43', '2022-01-16 10:56:43'),
(10, 'Lesley Wintheiser', 'fgusikowski@example.net', '2022-01-16 10:56:43', '$2y$10$92IXUNpkjO0rOQ5byMi.Ye4oKoEa3Ro9llC/.og/at2.uheWG/igi', 'LRxCxtIapC', '2022-01-16 10:56:43', '2022-01-16 10:56:43');

-- END TABLE users

